time	species	protein	transcript	ribo_density
0	__protein1_rbs	0.0	0.0	0.0
0	__protein2_rbs	0.0	0.0	0.0
0	__protein3_rbs	0.0	0.0	0.0
0	__ribosome	100.0	0.0	0.0
0	__rnase_site_ext	0.0	0.0	0.0
0	p0	1.0	0.0	0.0
0	p1	1.0	0.0	0.0
0	r2	0.0	0.0	0.0
0	rnapol	4.0	0.0	0.0
1	__protein1_rbs	0.0	0.0	0.0
1	__protein2_rbs	0.0	0.0	0.0
1	__protein3_rbs	0.0	0.0	0.0
1	__ribosome	100.0	0.0	0.0
1	__rnase_site_ext	1.7	0.0	0.0
1	p0	0.35	0.0	0.0
1	p1	0.45	0.0	0.0
1	r2	0.0	0.0	0.0
1	rnapol	2.1	0.0	0.0
2	__protein1_rbs	0.45	0.0	0.0
2	__protein2_rbs	0.0	0.0	0.0
2	__protein3_rbs	0.0	0.0	0.0
2	__ribosome	99.7	0.0	0.0
2	__rnase_site_ext	2.7	0.0	0.0
2	p0	0.3	0.0	0.0
2	p1	0.8	0.0	0.0
2	protein1	0.0	0.75	0.3
2	r2	0.0	0.0	0.0
2	rnapol	1.05	0.0	0.0
3	__protein1_rbs	0.45	0.0	0.0
3	__protein2_rbs	0.2	0.0	0.0
3	__protein3_rbs	0.0	0.0	0.0
3	__ribosome	98.9	0.0	0.0
3	__rnase_site_ext	3.35	0.0	0.0
3	p0	0.45	0.0	0.0
3	p1	0.8	0.0	0.0
3	protein1	0.0	1.4	0.825
3	protein2	0.0	0.2	0.0
3	r2	0.0	0.0	0.0
3	rnapol	0.35	0.0	0.0
4	__protein1_rbs	0.85	0.0	0.0
4	__protein2_rbs	0.25	0.0	0.0
4	__protein3_rbs	0.0	0.0	0.0
4	__ribosome	97.25	0.0	0.0
4	__rnase_site_ext	3.95	0.0	0.0
4	p0	0.8	0.0	0.0
4	p1	1.0	0.0	0.0
4	protein1	0.0	2.05	1.11666665
4	protein2	0.0	0.75	0.5
4	r2	0.0	0.0	0.0
4	rnapol	0.0	0.0	0.0
5	__protein1_rbs	0.5	0.0	0.0
5	__protein2_rbs	0.25	0.0	0.0
5	__protein3_rbs	0.0	0.0	0.0
5	__ribosome	94.7	0.0	0.0
5	__rnase_site_ext	4.0	0.0	0.0
5	p0	1.0	0.0	0.0
5	p1	1.0	0.0	0.0
5	protein1	0.0	2.5	1.6666666499999998
5	protein2	0.0	1.0	1.075
5	r2	0.0	0.0	0.0
5	rnapol	0.0	0.0	0.0
6	__protein1_rbs	0.85	0.0	0.0
6	__protein2_rbs	0.55	0.0	0.0
6	__protein3_rbs	0.0	0.0	0.0
6	__ribosome	92.4	0.0	0.0
6	__rnase_site_ext	3.95	0.0	0.0
6	p0	1.0	0.0	0.0
6	p1	0.7	0.0	0.0
6	protein1	0.0	2.7	2.225
6	protein2	0.0	1.2	1.4
6	r2	0.0	0.0	0.0
6	rnapol	0.0	0.0	0.0
7	__protein1_rbs	0.85	0.0	0.0
7	__protein2_rbs	0.4	0.0	0.0
7	__protein3_rbs	0.0	0.0	0.0
7	__ribosome	89.8	0.0	0.0
7	__rnase_site_ext	3.85	0.0	0.0
7	p0	1.0	0.0	0.0
7	p1	0.1	0.0	0.0
7	protein1	0.15	2.7	2.8541666
7	protein2	0.0	1.3	2.0
7	r2	0.05	0.0	0.0
7	rnapol	0.0	0.0	0.0
8	__protein1_rbs	1.2	0.0	0.0
8	__protein2_rbs	0.15	0.0	0.0
8	__protein3_rbs	0.0	0.0	0.0
8	__ribosome	88.0	0.0	0.0
8	__rnase_site_ext	3.8	0.0	0.0
8	p0	1.0	0.0	0.0
8	p1	0.1	0.0	0.0
8	protein1	0.85	2.65	3.1833333499999994
8	protein2	0.15	1.3	2.725
8	r2	0.55	0.0	0.0
8	rnapol	0.05	0.0	0.0
9	__protein1_rbs	0.7	0.0	0.0
9	__protein2_rbs	0.4	0.0	0.0
9	__protein3_rbs	0.0	0.0	0.0
9	__ribosome	86.95	0.0	0.0
9	__rnase_site_ext	3.9	0.0	0.0
9	p0	0.8	0.0	0.0
9	p1	0.2	0.0	0.0
9	protein1	2.1	2.6	3.47500005
9	protein2	0.45	1.3	3.025
9	r2	1.0	0.0	0.0
9	rnapol	0.2	0.0	0.0
10	__protein1_rbs	1.15	0.0	0.0
10	__protein2_rbs	0.65	0.0	0.0
10	__protein3_rbs	0.0	0.0	0.0
10	__ribosome	86.7	0.0	0.0
10	__rnase_site_ext	4.3	0.0	0.0
10	p0	0.75	0.0	0.0
10	p1	0.15	0.0	0.0
10	protein1	3.7	2.55	3.5249999499999998
10	protein2	1.05	1.75	2.66666665
10	r2	1.2	0.0	0.0
10	rnapol	0.1	0.0	0.0
11	__protein1_rbs	0.8	0.0	0.0
11	__protein2_rbs	0.9	0.0	0.0
11	__protein3_rbs	0.0	0.0	0.0
11	__ribosome	85.95	0.0	0.0
11	__rnase_site_ext	4.5	0.0	0.0
11	p0	0.8	0.0	0.0
11	p1	0.6	0.0	0.0
11	protein1	5.4	2.8	3.3291667
11	protein2	1.7	2.3	2.25416665
11	r2	1.3	0.0	0.0
11	rnapol	0.1	0.0	0.0
12	__protein1_rbs	1.2	0.0	0.0
12	__protein2_rbs	0.95	0.0	0.0
12	__protein3_rbs	0.05	0.0	0.0
12	__ribosome	85.1	0.0	0.0
12	__rnase_site_ext	4.75	0.0	0.0
12	p0	0.85	0.0	0.0
12	p1	0.95	0.0	0.0
12	protein1	7.15	3.0	3.0166666500000003
12	protein2	2.6	2.95	2.01250005
12	protein3	0.0	0.1	0.05
12	r2	1.3	0.0	0.0
12	rnapol	0.0	0.0	0.0
13	__protein1_rbs	1.2	0.0	0.0
13	__protein2_rbs	1.3	0.0	0.0
13	__protein3_rbs	0.1	0.0	0.0
13	__ribosome	83.5	0.0	0.0
13	__rnase_site_ext	4.8	0.0	0.0
13	p0	1.0	0.0	0.0
13	p1	1.0	0.0	0.0
13	protein1	8.85	3.25	2.8791667000000003
13	protein2	3.45	3.35	2.1208332999999997
13	protein3	0.0	0.15	0.15
13	r2	1.3	0.0	0.0
13	rnapol	0.0	0.0	0.0
14	__protein1_rbs	1.45	0.0	0.0
14	__protein2_rbs	1.25	0.0	0.0
14	__protein3_rbs	0.0	0.0	0.0
14	__ribosome	81.55	0.0	0.0
14	__rnase_site_ext	4.7	0.0	0.0
14	p0	1.0	0.0	0.0
14	p1	0.95	0.0	0.0
14	protein1	10.7	3.4	2.80833335
14	protein2	4.3	3.95	2.2116666000000005
14	protein3	0.0	0.2	0.35
14	r2	1.5	0.0	0.0
14	rnapol	0.0	0.0	0.0
15	__protein1_rbs	1.3	0.0	0.0
15	__protein2_rbs	1.65	0.0	0.0
15	__protein3_rbs	0.1	0.0	0.0
15	__ribosome	79.4	0.0	0.0
15	__rnase_site_ext	4.65	0.0	0.0
15	p0	0.95	0.0	0.0
15	p1	0.85	0.0	0.0
15	protein1	12.05	3.4	3.0000000000000004
15	protein2	5.1	4.1	2.4816667000000003
15	protein3	0.0	0.2	0.4
15	r2	2.0	0.0	0.0
15	rnapol	0.1	0.0	0.0
16	__protein1_rbs	1.2	0.0	0.0
16	__protein2_rbs	1.35	0.0	0.0
16	__protein3_rbs	0.05	0.0	0.0
16	__ribosome	77.75	0.0	0.0
16	__rnase_site_ext	4.85	0.0	0.0
16	p0	0.8	0.0	0.0
16	p1	0.65	0.0	0.0
16	protein1	13.85	3.3	3.17916665
16	protein2	6.65	4.1	2.7733333000000004
16	protein3	0.0	0.2	0.55
16	r2	2.65	0.0	0.0
16	rnapol	0.2	0.0	0.0
17	__protein1_rbs	1.5	0.0	0.0
17	__protein2_rbs	1.75	0.0	0.0
17	__protein3_rbs	0.05	0.0	0.0
17	__ribosome	77.2	0.0	0.0
17	__rnase_site_ext	5.05	0.0	0.0
17	p0	0.65	0.0	0.0
17	p1	0.7	0.0	0.0
17	protein1	15.7	3.45	3.04999995
17	protein2	8.3	4.1	2.8758333
17	protein3	0.05	0.2	0.65
17	r2	3.25	0.0	0.0
17	rnapol	0.15	0.0	0.0
18	__protein1_rbs	1.35	0.0	0.0
18	__protein2_rbs	1.65	0.0	0.0
18	__protein3_rbs	0.1	0.0	0.0
18	__ribosome	76.3	0.0	0.0
18	__rnase_site_ext	5.4	0.0	0.0
18	p0	0.9	0.0	0.0
18	p1	0.5	0.0	0.0
18	protein1	17.65	3.7	2.9374999500000003
18	protein2	10.25	4.2	2.91916665
18	protein3	0.1	0.3	0.75
18	r2	3.6	0.0	0.0
18	rnapol	0.25	0.0	0.0
19	__protein1_rbs	1.05	0.0	0.0
19	__protein2_rbs	1.75	0.0	0.0
19	__protein3_rbs	0.15	0.0	0.0
19	__ribosome	75.3	0.0	0.0
19	__rnase_site_ext	5.75	0.0	0.0
19	p0	0.7	0.0	0.0
19	p1	0.75	0.0	0.0
19	protein1	19.7	3.95	2.9191667000000003
19	protein2	12.5	4.25	2.9325
19	protein3	0.3	0.45	0.775
19	r2	4.2	0.0	0.0
19	rnapol	0.45	0.0	0.0
20	__protein1_rbs	1.65	0.0	0.0
20	__protein2_rbs	1.45	0.0	0.0
20	__protein3_rbs	0.3	0.0	0.0
20	__ribosome	74.1	0.0	0.0
20	__rnase_site_ext	6.3	0.0	0.0
20	p0	0.6	0.0	0.0
20	p1	0.85	0.0	0.0
20	protein1	21.4	4.2	2.9016666
20	protein2	14.95	4.4	2.915
20	protein3	0.4	0.7	1.05
20	r2	4.2	0.0	0.0
20	rnapol	0.15	0.0	0.0
21	__protein1_rbs	1.55	0.0	0.0
21	__protein2_rbs	2.05	0.0	0.0
21	__protein3_rbs	0.4	0.0	0.0
21	__ribosome	73.0	0.0	0.0
21	__rnase_site_ext	6.65	0.0	0.0
21	p0	0.9	0.0	0.0
21	p1	0.9	0.0	0.0
21	protein1	23.75	4.6	2.79500005
21	protein2	17.5	4.8	2.71
21	protein3	0.45	0.9	1.15
21	r2	4.15	0.0	0.0
21	rnapol	0.0	0.0	0.0
22	__protein1_rbs	2.1	0.0	0.0
22	__protein2_rbs	2.2	0.0	0.0
22	__protein3_rbs	0.25	0.0	0.0
22	__ribosome	70.95	0.0	0.0
22	__rnase_site_ext	6.7	0.0	0.0
22	p0	1.0	0.0	0.0
22	p1	0.65	0.0	0.0
22	protein1	25.7	4.85	2.7514285499999995
22	protein2	19.55	5.05	2.7330952
22	protein3	0.65	0.95	1.45
22	r2	4.2	0.0	0.0
22	rnapol	0.0	0.0	0.0
23	__protein1_rbs	1.85	0.0	0.0
23	__protein2_rbs	2.0	0.0	0.0
23	__protein3_rbs	0.25	0.0	0.0
23	__ribosome	69.6	0.0	0.0
23	__rnase_site_ext	6.65	0.0	0.0
23	p0	1.0	0.0	0.0
23	p1	0.5	0.0	0.0
23	protein1	28.0	4.95	2.8110715500000003
23	protein2	22.1	5.25	2.68023815
23	protein3	0.85	1.0	1.7
23	r2	4.3	0.0	0.0
23	rnapol	0.0	0.0	0.0
24	__protein1_rbs	2.15	0.0	0.0
24	__protein2_rbs	2.25	0.0	0.0
24	__protein3_rbs	0.45	0.0	0.0
24	__ribosome	68.7	0.0	0.0
24	__rnase_site_ext	6.65	0.0	0.0
24	p0	1.0	0.0	0.0
24	p1	0.5	0.0	0.0
24	protein1	30.45	4.9	2.84773815
24	protein2	24.4	5.3	2.7524999500000007
24	protein3	1.0	1.05	1.9333333500000005
24	r2	4.45	0.0	0.0
24	rnapol	0.15	0.0	0.0
25	__protein1_rbs	1.9	0.0	0.0
25	__protein2_rbs	2.1	0.0	0.0
25	__protein3_rbs	0.6	0.0	0.0
25	__ribosome	67.9	0.0	0.0
25	__rnase_site_ext	6.75	0.0	0.0
25	p0	0.85	0.0	0.0
25	p1	0.5	0.0	0.0
25	protein1	33.1	4.95	2.82642855
25	protein2	26.95	5.35	2.8209524
25	protein3	1.4	1.05	1.90833335
25	r2	4.85	0.0	0.0
25	rnapol	0.1	0.0	0.0
26	__protein1_rbs	1.6	0.0	0.0
26	__protein2_rbs	2.5	0.0	0.0
26	__protein3_rbs	0.3	0.0	0.0
26	__ribosome	66.75	0.0	0.0
26	__rnase_site_ext	6.9	0.0	0.0
26	p0	0.6	0.0	0.0
26	p1	0.35	0.0	0.0
26	protein1	35.85	4.9	2.99357145
26	protein2	29.6	5.7	2.7219048
26	protein3	1.8	1.05	2.13333335
26	r2	5.2	0.0	0.0
26	rnapol	0.35	0.0	0.0
27	__protein1_rbs	2.45	0.0	0.0
27	__protein2_rbs	2.2	0.0	0.0
27	__protein3_rbs	0.4	0.0	0.0
27	__ribosome	66.65	0.0	0.0
27	__rnase_site_ext	7.45	0.0	0.0
27	p0	0.7	0.0	0.0
27	p1	0.55	0.0	0.0
27	protein1	38.5	5.15	2.8183333000000004
27	protein2	32.65	5.85	2.76107145
27	protein3	2.45	1.1	2.10833335
27	r2	5.35	0.0	0.0
27	rnapol	0.5	0.0	0.0
28	__protein1_rbs	2.3	0.0	0.0
28	__protein2_rbs	2.45	0.0	0.0
28	__protein3_rbs	0.6	0.0	0.0
28	__ribosome	65.5	0.0	0.0
28	__rnase_site_ext	7.75	0.0	0.0
28	p0	0.7	0.0	0.0
28	p1	0.8	0.0	0.0
28	protein1	41.05	5.45	2.7185119500000003
28	protein2	35.4	6.1	2.7558929
28	protein3	3.05	1.15	1.9666667000000002
28	r2	5.5	0.0	0.0
28	rnapol	0.25	0.0	0.0
29	__protein1_rbs	2.15	0.0	0.0
29	__protein2_rbs	3.25	0.0	0.0
29	__protein3_rbs	0.45	0.0	0.0
29	__ribosome	64.7	0.0	0.0
29	__rnase_site_ext	8.1	0.0	0.0
29	p0	0.9	0.0	0.0
29	p1	0.9	0.0	0.0
29	protein1	43.8	5.85	2.632619
29	protein2	38.5	6.5	2.5695238
29	protein3	3.8	1.25	1.8
29	r2	5.5	0.0	0.0
29	rnapol	0.1	0.0	0.0
30	__protein1_rbs	2.95	0.0	0.0
30	__protein2_rbs	2.55	0.0	0.0
30	__protein3_rbs	0.4	0.0	0.0
30	__ribosome	62.8	0.0	0.0
30	__rnase_site_ext	8.1	0.0	0.0
30	p0	0.95	0.0	0.0
30	p1	0.95	0.0	0.0
30	protein1	46.75	6.05	2.55886905
30	protein2	41.2	6.8	2.7083334000000003
30	protein3	4.3	1.25	2.08333335
30	r2	5.75	0.0	0.0
30	rnapol	0.05	0.0	0.0
31	__protein1_rbs	2.6	0.0	0.0
31	__protein2_rbs	3.1	0.0	0.0
31	__protein3_rbs	0.6	0.0	0.0
31	__ribosome	62.15	0.0	0.0
31	__rnase_site_ext	8.2	0.0	0.0
31	p0	0.8	0.0	0.0
31	p1	0.85	0.0	0.0
31	protein1	49.75	6.05	2.6147023500000004
31	protein2	44.5	7.0	2.6544642999999994
31	protein3	5.0	1.25	2.0333333500000004
31	r2	5.95	0.0	0.0
31	rnapol	0.05	0.0	0.0
32	__protein1_rbs	2.3	0.0	0.0
32	__protein2_rbs	2.9	0.0	0.0
32	__protein3_rbs	0.45	0.0	0.0
32	__ribosome	59.95	0.0	0.0
32	__rnase_site_ext	8.3	0.0	0.0
32	p0	0.95	0.0	0.0
32	p1	0.55	0.0	0.0
32	protein1	52.35	6.05	2.80500005
32	protein2	47.7	7.05	2.75087315
32	protein3	5.55	1.3	2.1083333
32	r2	6.15	0.0	0.0
32	rnapol	0.1	0.0	0.0
33	__protein1_rbs	2.5	0.0	0.0
33	__protein2_rbs	3.05	0.0	0.0
33	__protein3_rbs	0.6	0.0	0.0
33	__ribosome	59.55	0.0	0.0
33	__rnase_site_ext	8.5	0.0	0.0
33	p0	0.7	0.0	0.0
33	p1	0.35	0.0	0.0
33	protein1	55.3	6.2	2.80569455
33	protein2	51.2	7.15	2.7479761500000004
33	protein3	6.25	1.3	2.10833335
33	r2	6.45	0.0	0.0
33	rnapol	0.1	0.0	0.0
34	__protein1_rbs	3.2	0.0	0.0
34	__protein2_rbs	3.1	0.0	0.0
34	__protein3_rbs	0.35	0.0	0.0
34	__ribosome	59.75	0.0	0.0
34	__rnase_site_ext	8.6	0.0	0.0
34	p0	0.75	0.0	0.0
34	p1	0.55	0.0	0.0
34	protein1	58.85	6.25	2.70561515
34	protein2	54.8	7.05	2.7917856999999997
34	protein3	6.95	1.35	2.075
34	r2	6.9	0.0	0.0
34	rnapol	0.2	0.0	0.0
35	__protein1_rbs	2.9	0.0	0.0
35	__protein2_rbs	2.95	0.0	0.0
35	__protein3_rbs	0.6	0.0	0.0
35	__ribosome	58.95	0.0	0.0
35	__rnase_site_ext	8.85	0.0	0.0
35	p0	0.75	0.0	0.0
35	p1	0.5	0.0	0.0
35	protein1	62.05	6.45	2.6793651
35	protein2	58.7	7.25	2.78315475
35	protein3	7.65	1.4	2.11666665
35	r2	7.25	0.0	0.0
35	rnapol	0.4	0.0	0.0
36	__protein1_rbs	3.0	0.0	0.0
36	__protein2_rbs	3.15	0.0	0.0
36	__protein3_rbs	0.75	0.0	0.0
36	__ribosome	58.15	0.0	0.0
36	__rnase_site_ext	9.2	0.0	0.0
36	p0	0.8	0.0	0.0
36	p1	0.75	0.0	0.0
36	protein1	65.45	6.6	2.6385713500000003
36	protein2	62.25	7.65	2.7428175
36	protein3	8.3	1.45	2.1916667000000003
36	r2	7.2	0.0	0.0
36	rnapol	0.25	0.0	0.0
37	__protein1_rbs	3.15	0.0	0.0
37	__protein2_rbs	3.6	0.0	0.0
37	__protein3_rbs	0.6	0.0	0.0
37	__ribosome	58.05	0.0	0.0
37	__rnase_site_ext	9.3	0.0	0.0
37	p0	0.9	0.0	0.0
37	p1	0.7	0.0	0.0
37	protein1	68.9	6.85	2.5313690499999995
37	protein2	66.45	8.0	2.6306547
37	protein3	9.15	1.45	2.2
37	r2	7.3	0.0	0.0
37	rnapol	0.05	0.0	0.0
38	__protein1_rbs	3.6	0.0	0.0
38	__protein2_rbs	4.25	0.0	0.0
38	__protein3_rbs	0.55	0.0	0.0
38	__ribosome	57.0	0.0	0.0
38	__rnase_site_ext	9.4	0.0	0.0
38	p0	0.9	0.0	0.0
38	p1	0.75	0.0	0.0
38	protein1	71.8	7.0	2.5506549
38	protein2	70.1	8.4	2.5180754500000004
38	protein3	9.8	1.55	2.3333333
38	r2	7.35	0.0	0.0
38	rnapol	0.1	0.0	0.0
39	__protein1_rbs	3.3	0.0	0.0
39	__protein2_rbs	4.5	0.0	0.0
39	__protein3_rbs	0.75	0.0	0.0
39	__ribosome	56.3	0.0	0.0
39	__rnase_site_ext	9.35	0.0	0.0
39	p0	0.95	0.0	0.0
39	p1	0.6	0.0	0.0
39	protein1	75.0	7.1	2.5523215
39	protein2	73.95	8.65	2.49742785
39	protein3	10.7	1.6	2.32083335
39	r2	7.5	0.0	0.0
39	rnapol	0.0	0.0	0.0
40	__protein1_rbs	3.45	0.0	0.0
40	__protein2_rbs	3.9	0.0	0.0
40	__protein3_rbs	0.7	0.0	0.0
40	__ribosome	54.9	0.0	0.0
40	__rnase_site_ext	9.4	0.0	0.0
40	p0	0.9	0.0	0.0
40	p1	0.55	0.0	0.0
40	protein1	78.75	7.1	2.59464285
40	protein2	78.0	8.8	2.5563041500000003
40	protein3	11.35	1.6	2.3916667
40	r2	7.55	0.0	0.0
40	rnapol	0.1	0.0	0.0
41	__protein1_rbs	3.75	0.0	0.0
41	__protein2_rbs	3.75	0.0	0.0
41	__protein3_rbs	0.75	0.0	0.0
41	__ribosome	53.15	0.0	0.0
41	__rnase_site_ext	9.5	0.0	0.0
41	p0	0.95	0.0	0.0
41	p1	0.5	0.0	0.0
41	protein1	82.15	7.2	2.63226185
41	protein2	82.25	8.95	2.6505177000000004
41	protein3	11.85	1.65	2.625
41	r2	8.05	0.0	0.0
41	rnapol	0.25	0.0	0.0
42	__protein1_rbs	3.55	0.0	0.0
42	__protein2_rbs	4.0	0.0	0.0
42	__protein3_rbs	0.85	0.0	0.0
42	__ribosome	52.65	0.0	0.0
42	__rnase_site_ext	9.65	0.0	0.0
42	p0	0.6	0.0	0.0
42	p1	0.6	0.0	0.0
42	protein1	85.7	7.3	2.62482145
42	protein2	86.4	9.0	2.7094245500000005
42	protein3	13.0	1.65	2.39583335
42	r2	8.35	0.0	0.0
42	rnapol	0.25	0.0	0.0
43	__protein1_rbs	3.1	0.0	0.0
43	__protein2_rbs	4.25	0.0	0.0
43	__protein3_rbs	0.85	0.0	0.0
43	__ribosome	52.5	0.0	0.0
43	__rnase_site_ext	9.9	0.0	0.0
43	p0	0.9	0.0	0.0
43	p1	0.6	0.0	0.0
43	protein1	89.15	7.3	2.6923016
43	protein2	91.3	9.2	2.6271104000000003
43	protein3	14.0	1.6	2.22500005
43	r2	8.6	0.0	0.0
43	rnapol	0.15	0.0	0.0
44	__protein1_rbs	3.4	0.0	0.0
44	__protein2_rbs	4.1	0.0	0.0
44	__protein3_rbs	0.9	0.0	0.0
44	__ribosome	50.95	0.0	0.0
44	__rnase_site_ext	10.15	0.0	0.0
44	p0	0.75	0.0	0.0
44	p1	0.75	0.0	0.0
44	protein1	92.85	7.65	2.6109325
44	protein2	95.4	9.35	2.7140549
44	protein3	14.7	1.6	2.3291667
44	r2	8.7	0.0	0.0
44	rnapol	0.15	0.0	0.0
45	__protein1_rbs	4.1	0.0	0.0
45	__protein2_rbs	4.65	0.0	0.0
45	__protein3_rbs	0.65	0.0	0.0
45	__ribosome	50.8	0.0	0.0
45	__rnase_site_ext	10.35	0.0	0.0
45	p0	0.9	0.0	0.0
45	p1	0.8	0.0	0.0
45	protein1	96.45	7.7	2.5839285500000004
45	protein2	100.2	9.6	2.6414213
45	protein3	15.7	1.7	2.2625
45	r2	8.9	0.0	0.0
45	rnapol	0.2	0.0	0.0
46	__protein1_rbs	3.4	0.0	0.0
46	__protein2_rbs	5.15	0.0	0.0
46	__protein3_rbs	0.95	0.0	0.0
46	__ribosome	49.95	0.0	0.0
46	__rnase_site_ext	10.55	0.0	0.0
46	p0	0.9	0.0	0.0
46	p1	0.65	0.0	0.0
46	protein1	100.1	7.85	2.62210315
46	protein2	104.8	9.9	2.56755045
46	protein3	16.55	1.85	2.04166665
46	r2	8.95	0.0	0.0
46	rnapol	0.1	0.0	0.0
47	__protein1_rbs	3.9	0.0	0.0
47	__protein2_rbs	5.3	0.0	0.0
47	__protein3_rbs	1.15	0.0	0.0
47	__ribosome	50.2	0.0	0.0
47	__rnase_site_ext	10.6	0.0	0.0
47	p0	0.85	0.0	0.0
47	p1	0.7	0.0	0.0
47	protein1	104.1	8.0	2.5183801000000003
47	protein2	109.5	10.05	2.53169195
47	protein3	17.35	1.85	2.0375
47	r2	9.25	0.0	0.0
47	rnapol	0.1	0.0	0.0
48	__protein1_rbs	3.7	0.0	0.0
48	__protein2_rbs	5.45	0.0	0.0
48	__protein3_rbs	0.9	0.0	0.0
48	__ribosome	49.9	0.0	0.0
48	__rnase_site_ext	10.65	0.0	0.0
48	p0	0.8	0.0	0.0
48	p1	0.6	0.0	0.0
48	protein1	107.9	8.0	2.5838762
48	protein2	114.75	10.2	2.4747348
48	protein3	18.25	1.9	2.0583333500000003
48	r2	9.45	0.0	0.0
48	rnapol	0.05	0.0	0.0
49	__protein1_rbs	4.1	0.0	0.0
49	__protein2_rbs	4.4	0.0	0.0
49	__protein3_rbs	0.9	0.0	0.0
49	__ribosome	49.1	0.0	0.0
49	__rnase_site_ext	10.65	0.0	0.0
49	p0	0.85	0.0	0.0
49	p1	0.55	0.0	0.0
49	protein1	111.8	8.05	2.5808839
49	protein2	120.45	10.2	2.48352275
49	protein3	18.75	1.85	2.5375
49	r2	9.75	0.0	0.0
49	rnapol	0.1	0.0	0.0
50	__protein1_rbs	3.65	0.0	0.0
50	__protein2_rbs	5.05	0.0	0.0
50	__protein3_rbs	1.0	0.0	0.0
50	__ribosome	48.35	0.0	0.0
50	__rnase_site_ext	10.75	0.0	0.0
50	p0	0.95	0.0	0.0
50	p1	0.65	0.0	0.0
50	protein1	115.25	8.15	2.7015386500000007
50	protein2	124.95	10.4	2.4791161500000003
50	protein3	20.0	1.9	2.3375
50	r2	10.05	0.0	0.0
50	rnapol	0.15	0.0	0.0
51	__protein1_rbs	4.7	0.0	0.0
51	__protein2_rbs	4.85	0.0	0.0
51	__protein3_rbs	0.7	0.0	0.0
51	__ribosome	48.25	0.0	0.0
51	__rnase_site_ext	10.7	0.0	0.0
51	p0	0.9	0.0	0.0
51	p1	0.7	0.0	0.0
51	protein1	119.5	8.25	2.6045580500000005
51	protein2	130.05	10.5	2.48450745
51	protein3	20.75	1.95	2.5249999999999995
51	r2	10.35	0.0	0.0
51	rnapol	0.35	0.0	0.0
52	__protein1_rbs	4.4	0.0	0.0
52	__protein2_rbs	4.9	0.0	0.0
52	__protein3_rbs	0.95	0.0	0.0
52	__ribosome	47.95	0.0	0.0
52	__rnase_site_ext	11.2	0.0	0.0
52	p0	0.7	0.0	0.0
52	p1	0.55	0.0	0.0
52	protein1	123.6	8.25	2.5239572999999997
52	protein2	134.85	10.65	2.5044823
52	protein3	21.6	2.0	2.5208333
52	r2	10.55	0.0	0.0
52	rnapol	0.25	0.0	0.0
53	__protein1_rbs	4.5	0.0	0.0
53	__protein2_rbs	6.0	0.0	0.0
53	__protein3_rbs	1.1	0.0	0.0
53	__ribosome	49.0	0.0	0.0
53	__rnase_site_ext	11.5	0.0	0.0
53	p0	0.8	0.0	0.0
53	p1	0.55	0.0	0.0
53	protein1	127.85	8.45	2.374926
53	protein2	139.7	10.7	2.46648595
53	protein3	22.6	2.1	2.375
53	r2	10.5	0.0	0.0
53	rnapol	0.2	0.0	0.0
54	__protein1_rbs	4.05	0.0	0.0
54	__protein2_rbs	4.95	0.0	0.0
54	__protein3_rbs	0.9	0.0	0.0
54	__ribosome	47.7	0.0	0.0
54	__rnase_site_ext	11.5	0.0	0.0
54	p0	0.9	0.0	0.0
54	p1	0.65	0.0	0.0
54	protein1	132.15	8.65	2.36139605
54	protein2	144.85	10.95	2.4864260000000007
54	protein3	23.45	2.1	2.47916665
54	r2	10.65	0.0	0.0
54	rnapol	0.15	0.0	0.0
55	__protein1_rbs	4.05	0.0	0.0
55	__protein2_rbs	5.5	0.0	0.0
55	__protein3_rbs	0.9	0.0	0.0
55	__ribosome	47.2	0.0	0.0
55	__rnase_site_ext	11.7	0.0	0.0
55	p0	0.85	0.0	0.0
55	p1	0.6	0.0	0.0
55	protein1	136.85	8.75	2.30923155
55	protein2	149.85	11.1	2.5099647999999997
55	protein3	24.6	2.15	2.4083333
55	r2	10.8	0.0	0.0
55	rnapol	0.05	0.0	0.0
56	__protein1_rbs	3.85	0.0	0.0
56	__protein2_rbs	5.4	0.0	0.0
56	__protein3_rbs	1.5	0.0	0.0
56	__ribosome	45.85	0.0	0.0
56	__rnase_site_ext	11.9	0.0	0.0
56	p0	0.95	0.0	0.0
56	p1	0.6	0.0	0.0
56	protein1	140.4	8.8	2.4071788999999995
56	protein2	155.0	11.35	2.50578725
56	protein3	25.6	2.15	2.1875
56	r2	10.8	0.0	0.0
56	rnapol	0.1	0.0	0.0
57	__protein1_rbs	4.6	0.0	0.0
57	__protein2_rbs	6.1	0.0	0.0
57	__protein3_rbs	1.1	0.0	0.0
57	__ribosome	44.85	0.0	0.0
57	__rnase_site_ext	12.0	0.0	0.0
57	p0	0.85	0.0	0.0
57	p1	0.75	0.0	0.0
57	protein1	144.35	8.95	2.3906078000000006
57	protein2	160.05	11.6	2.5050282999999998
57	protein3	26.5	2.15	2.32916665
57	r2	11.0	0.0	0.0
57	rnapol	0.15	0.0	0.0
58	__protein1_rbs	4.5	0.0	0.0
58	__protein2_rbs	5.9	0.0	0.0
58	__protein3_rbs	1.15	0.0	0.0
58	__ribosome	44.2	0.0	0.0
58	__rnase_site_ext	12.1	0.0	0.0
58	p0	0.75	0.0	0.0
58	p1	0.5	0.0	0.0
58	protein1	148.05	9.05	2.42411065
58	protein2	165.35	11.75	2.48100125
58	protein3	27.45	2.15	2.27916665
58	r2	11.15	0.0	0.0
58	rnapol	0.1	0.0	0.0
59	__protein1_rbs	4.5	0.0	0.0
59	__protein2_rbs	6.45	0.0	0.0
59	__protein3_rbs	1.0	0.0	0.0
59	__ribosome	44.55	0.0	0.0
59	__rnase_site_ext	12.3	0.0	0.0
59	p0	0.85	0.0	0.0
59	p1	0.5	0.0	0.0
59	protein1	152.4	9.2	2.35397895
59	protein2	171.1	12.0	2.417955
59	protein3	28.6	2.2	2.1541667
59	r2	11.25	0.0	0.0
59	rnapol	0.1	0.0	0.0
60	__protein1_rbs	4.55	0.0	0.0
60	__protein2_rbs	6.3	0.0	0.0
60	__protein3_rbs	1.0	0.0	0.0
60	__ribosome	43.45	0.0	0.0
60	__rnase_site_ext	12.35	0.0	0.0
60	p0	0.9	0.0	0.0
60	p1	0.7	0.0	0.0
60	protein1	156.45	9.5	2.3646969000000007
60	protein2	176.7	12.0	2.4363053
60	protein3	29.5	2.25	2.2458332999999997
60	r2	11.45	0.0	0.0
60	rnapol	0.15	0.0	0.0
61	__protein1_rbs	4.5	0.0	0.0
61	__protein2_rbs	6.6	0.0	0.0
61	__protein3_rbs	1.0	0.0	0.0
61	__ribosome	43.5	0.0	0.0
61	__rnase_site_ext	12.4	0.0	0.0
61	p0	0.8	0.0	0.0
61	p1	0.6	0.0	0.0
61	protein1	161.3	9.55	2.3685859
61	protein2	182.3	12.1	2.3867370999999995
61	protein3	30.6	2.3	2.3708332999999997
61	r2	11.8	0.0	0.0
61	rnapol	0.2	0.0	0.0
62	__protein1_rbs	4.55	0.0	0.0
62	__protein2_rbs	6.65	0.0	0.0
62	__protein3_rbs	1.35	0.0	0.0
62	__ribosome	42.4	0.0	0.0
62	__rnase_site_ext	12.6	0.0	0.0
62	p0	0.7	0.0	0.0
62	p1	0.55	0.0	0.0
62	protein1	165.2	9.6	2.4180935000000003
62	protein2	187.8	12.4	2.3620050999999997
62	protein3	31.65	2.4	2.2499999500000003
62	r2	11.9	0.0	0.0
62	rnapol	0.0	0.0	0.0
63	__protein1_rbs	4.7	0.0	0.0
63	__protein2_rbs	6.7	0.0	0.0
63	__protein3_rbs	1.05	0.0	0.0
63	__ribosome	41.15	0.0	0.0
63	__rnase_site_ext	12.9	0.0	0.0
63	p0	0.85	0.0	0.0
63	p1	0.7	0.0	0.0
63	protein1	169.3	9.7	2.4557323500000003
63	protein2	193.65	12.35	2.3880386
63	protein3	32.55	2.4	2.4208333
63	r2	12.0	0.0	0.0
63	rnapol	0.0	0.0	0.0
64	__protein1_rbs	5.55	0.0	0.0
64	__protein2_rbs	6.45	0.0	0.0
64	__protein3_rbs	1.3	0.0	0.0
64	__ribosome	41.1	0.0	0.0
64	__rnase_site_ext	12.9	0.0	0.0
64	p0	0.85	0.0	0.0
64	p1	0.6	0.0	0.0
64	protein1	173.8	9.9	2.3804022500000004
64	protein2	199.55	12.45	2.3734568
64	protein3	33.5	2.5	2.4708333500000004
64	r2	12.15	0.0	0.0
64	rnapol	0.0	0.0	0.0
65	__protein1_rbs	4.9	0.0	0.0
65	__protein2_rbs	7.35	0.0	0.0
65	__protein3_rbs	1.45	0.0	0.0
65	__ribosome	41.5	0.0	0.0
65	__rnase_site_ext	13.0	0.0	0.0
65	p0	0.9	0.0	0.0
65	p1	0.6	0.0	0.0
65	protein1	178.35	9.95	2.4331259500000004
65	protein2	205.5	12.65	2.2746296000000004
65	protein3	34.7	2.6	2.28083335
65	r2	12.3	0.0	0.0
65	rnapol	0.2	0.0	0.0
66	__protein1_rbs	5.8	0.0	0.0
66	__protein2_rbs	6.75	0.0	0.0
66	__protein3_rbs	1.6	0.0	0.0
66	__ribosome	41.7	0.0	0.0
66	__rnase_site_ext	13.0	0.0	0.0
66	p0	0.75	0.0	0.0
66	p1	0.65	0.0	0.0
66	protein1	182.95	9.95	2.3905465
66	protein2	211.2	12.65	2.3063125
66	protein3	35.75	2.65	2.22583335
66	r2	12.35	0.0	0.0
66	rnapol	0.05	0.0	0.0
67	__protein1_rbs	5.65	0.0	0.0
67	__protein2_rbs	6.8	0.0	0.0
67	__protein3_rbs	1.35	0.0	0.0
67	__ribosome	41.0	0.0	0.0
67	__rnase_site_ext	13.0	0.0	0.0
67	p0	0.9	0.0	0.0
67	p1	0.7	0.0	0.0
67	protein1	187.25	10.05	2.3950956000000003
67	protein2	216.7	12.7	2.31621385
67	protein3	37.05	2.75	2.1158333
67	r2	12.65	0.0	0.0
67	rnapol	0.2	0.0	0.0
68	__protein1_rbs	5.45	0.0	0.0
68	__protein2_rbs	7.4	0.0	0.0
68	__protein3_rbs	1.4	0.0	0.0
68	__ribosome	41.4	0.0	0.0
68	__rnase_site_ext	13.15	0.0	0.0
68	p0	0.85	0.0	0.0
68	p1	0.55	0.0	0.0
68	protein1	192.3	10.05	2.36934345
68	protein2	222.55	12.7	2.2808221000000004
68	protein3	38.05	2.85	2.11750005
68	r2	12.85	0.0	0.0
68	rnapol	0.15	0.0	0.0
69	__protein1_rbs	6.15	0.0	0.0
69	__protein2_rbs	6.4	0.0	0.0
69	__protein3_rbs	1.65	0.0	0.0
69	__ribosome	41.95	0.0	0.0
69	__rnase_site_ext	13.25	0.0	0.0
69	p0	0.8	0.0	0.0
69	p1	0.7	0.0	0.0
69	protein1	196.85	10.2	2.2733227000000005
69	protein2	228.95	12.9	2.2439335
69	protein3	39.4	2.95	2.07500005
69	r2	12.85	0.0	0.0
69	rnapol	0.1	0.0	0.0
70	__protein1_rbs	6.0	0.0	0.0
70	__protein2_rbs	7.7	0.0	0.0
70	__protein3_rbs	1.65	0.0	0.0
70	__ribosome	42.65	0.0	0.0
70	__rnase_site_ext	13.4	0.0	0.0
70	p0	0.85	0.0	0.0
70	p1	0.75	0.0	0.0
70	protein1	202.0	10.3	2.1943531500000004
70	protein2	234.15	13.05	2.2222661
70	protein3	40.7	2.95	2.07500005
70	r2	13.15	0.0	0.0
70	rnapol	0.2	0.0	0.0
71	__protein1_rbs	6.15	0.0	0.0
71	__protein2_rbs	8.0	0.0	0.0
71	__protein3_rbs	1.45	0.0	0.0
71	__ribosome	41.75	0.0	0.0
71	__rnase_site_ext	13.65	0.0	0.0
71	p0	0.85	0.0	0.0
71	p1	0.8	0.0	0.0
71	protein1	206.6	10.5	2.13609235
71	protein2	239.2	13.2	2.2209056
71	protein3	41.7	3.0	2.20416665
71	r2	13.05	0.0	0.0
71	rnapol	0.15	0.0	0.0
72	__protein1_rbs	4.8	0.0	0.0
72	__protein2_rbs	7.05	0.0	0.0
72	__protein3_rbs	1.5	0.0	0.0
72	__ribosome	40.45	0.0	0.0
72	__rnase_site_ext	13.65	0.0	0.0
72	p0	0.95	0.0	0.0
72	p1	0.7	0.0	0.0
72	protein1	211.65	10.6	2.2095667000000003
72	protein2	245.35	13.3	2.2068332000000006
72	protein3	43.15	3.0	2.2275
72	r2	13.05	0.0	0.0
72	rnapol	0.1	0.0	0.0
73	__protein1_rbs	5.5	0.0	0.0
73	__protein2_rbs	6.75	0.0	0.0
73	__protein3_rbs	1.85	0.0	0.0
73	__ribosome	39.45	0.0	0.0
73	__rnase_site_ext	13.65	0.0	0.0
73	p0	0.9	0.0	0.0
73	p1	0.7	0.0	0.0
73	protein1	216.2	10.6	2.2469559
73	protein2	251.5	13.5	2.21441685
73	protein3	44.4	3.05	2.2641667
73	r2	13.3	0.0	0.0
73	rnapol	0.1	0.0	0.0
74	__protein1_rbs	5.65	0.0	0.0
74	__protein2_rbs	7.25	0.0	0.0
74	__protein3_rbs	1.45	0.0	0.0
74	__ribosome	38.75	0.0	0.0
74	__rnase_site_ext	13.8	0.0	0.0
74	p0	0.85	0.0	0.0
74	p1	0.55	0.0	0.0
74	protein1	219.95	10.65	2.303951
74	protein2	257.25	13.6	2.1901407
74	protein3	45.95	3.1	2.2666667
74	r2	13.3	0.0	0.0
74	rnapol	0.25	0.0	0.0
75	__protein1_rbs	5.8	0.0	0.0
75	__protein2_rbs	7.3	0.0	0.0
75	__protein3_rbs	1.65	0.0	0.0
75	__ribosome	38.3	0.0	0.0
75	__rnase_site_ext	14.1	0.0	0.0
75	p0	0.75	0.0	0.0
75	p1	0.4	0.0	0.0
75	protein1	224.75	10.7	2.3120144
75	protein2	263.1	13.65	2.2041542500000006
75	protein3	47.2	3.15	2.2083333
75	r2	13.45	0.0	0.0
75	rnapol	0.15	0.0	0.0
76	__protein1_rbs	5.75	0.0	0.0
76	__protein2_rbs	8.0	0.0	0.0
76	__protein3_rbs	1.55	0.0	0.0
76	__ribosome	37.95	0.0	0.0
76	__rnase_site_ext	14.0	0.0	0.0
76	p0	0.8	0.0	0.0
76	p1	0.7	0.0	0.0
76	protein1	229.4	11.0	2.26033635
76	protein2	268.65	13.9	2.1863009
76	protein3	48.95	3.2	2.26
76	r2	13.45	0.0	0.0
76	rnapol	0.35	0.0	0.0
77	__protein1_rbs	6.5	0.0	0.0
77	__protein2_rbs	7.95	0.0	0.0
77	__protein3_rbs	1.75	0.0	0.0
77	__ribosome	38.35	0.0	0.0
77	__rnase_site_ext	14.15	0.0	0.0
77	p0	0.8	0.0	0.0
77	p1	0.6	0.0	0.0
77	protein1	234.85	11.0	2.1697312500000003
77	protein2	274.65	14.05	2.1903038500000003
77	protein3	50.25	3.3	2.2633332999999998
77	r2	13.6	0.0	0.0
77	rnapol	0.15	0.0	0.0
78	__protein1_rbs	6.1	0.0	0.0
78	__protein2_rbs	8.0	0.0	0.0
78	__protein3_rbs	1.6	0.0	0.0
78	__ribosome	38.2	0.0	0.0
78	__rnase_site_ext	14.25	0.0	0.0
78	p0	0.9	0.0	0.0
78	p1	0.75	0.0	0.0
78	protein1	239.65	10.9	2.1777005000000003
78	protein2	281.35	14.35	2.10281855
78	protein3	51.3	3.35	2.38750005
78	r2	13.8	0.0	0.0
78	rnapol	0.25	0.0	0.0
79	__protein1_rbs	5.9	0.0	0.0
79	__protein2_rbs	7.85	0.0	0.0
79	__protein3_rbs	1.95	0.0	0.0
79	__ribosome	37.6	0.0	0.0
79	__rnase_site_ext	14.5	0.0	0.0
79	p0	0.65	0.0	0.0
79	p1	0.75	0.0	0.0
79	protein1	244.35	11.1	2.168037200000001
79	protein2	286.8	14.5	2.14199665
79	protein3	52.95	3.3	2.30583335
79	r2	13.7	0.0	0.0
79	rnapol	0.0	0.0	0.0
80	__protein1_rbs	6.4	0.0	0.0
80	__protein2_rbs	7.9	0.0	0.0
80	__protein3_rbs	1.95	0.0	0.0
80	__ribosome	37.6	0.0	0.0
80	__rnase_site_ext	14.55	0.0	0.0
80	p0	0.95	0.0	0.0
80	p1	0.7	0.0	0.0
80	protein1	249.25	11.15	2.1419405000000005
80	protein2	292.85	14.75	2.1417336
80	protein3	54.5	3.3	2.21666665
80	r2	13.75	0.0	0.0
80	rnapol	0.0	0.0	0.0
81	__protein1_rbs	6.75	0.0	0.0
81	__protein2_rbs	7.85	0.0	0.0
81	__protein3_rbs	2.0	0.0	0.0
81	__ribosome	36.85	0.0	0.0
81	__rnase_site_ext	14.8	0.0	0.0
81	p0	0.8	0.0	0.0
81	p1	0.4	0.0	0.0
81	protein1	254.35	11.4	2.08782495
81	protein2	299.1	14.8	2.1876980499999994
81	protein3	55.7	3.25	2.25
81	r2	13.8	0.0	0.0
81	rnapol	0.1	0.0	0.0
82	__protein1_rbs	6.3	0.0	0.0
82	__protein2_rbs	8.5	0.0	0.0
82	__protein3_rbs	1.9	0.0	0.0
82	__ribosome	35.95	0.0	0.0
82	__rnase_site_ext	14.9	0.0	0.0
82	p0	0.9	0.0	0.0
82	p1	0.55	0.0	0.0
82	protein1	258.95	11.5	2.1343661000000003
82	protein2	305.0	14.85	2.2027125
82	protein3	57.6	3.35	2.0475000000000003
82	r2	14.15	0.0	0.0
82	rnapol	0.1	0.0	0.0
83	__protein1_rbs	7.1	0.0	0.0
83	__protein2_rbs	8.65	0.0	0.0
83	__protein3_rbs	2.2	0.0	0.0
83	__ribosome	36.4	0.0	0.0
83	__rnase_site_ext	14.7	0.0	0.0
83	p0	0.7	0.0	0.0
83	p1	0.65	0.0	0.0
83	protein1	263.75	11.65	2.099037
83	protein2	311.5	14.8	2.19752015
83	protein3	59.05	3.35	1.96416665
83	r2	14.45	0.0	0.0
83	rnapol	0.25	0.0	0.0
84	__protein1_rbs	6.7	0.0	0.0
84	__protein2_rbs	9.6	0.0	0.0
84	__protein3_rbs	1.75	0.0	0.0
84	__ribosome	36.85	0.0	0.0
84	__rnase_site_ext	14.9	0.0	0.0
84	p0	0.65	0.0	0.0
84	p1	0.6	0.0	0.0
84	protein1	268.5	11.4	2.1778147500000005
84	protein2	318.1	15.1	2.0785374999999995
84	protein3	60.55	3.35	1.95
84	r2	14.6	0.0	0.0
84	rnapol	0.15	0.0	0.0
85	__protein1_rbs	6.55	0.0	0.0
85	__protein2_rbs	8.3	0.0	0.0
85	__protein3_rbs	1.95	0.0	0.0
85	__ribosome	36.3	0.0	0.0
85	__rnase_site_ext	15.1	0.0	0.0
85	p0	0.8	0.0	0.0
85	p1	0.4	0.0	0.0
85	protein1	273.95	11.5	2.1362973500000004
85	protein2	324.7	15.3	2.1226418999999996
85	protein3	61.9	3.35	1.98499995
85	r2	14.75	0.0	0.0
85	rnapol	0.15	0.0	0.0
86	__protein1_rbs	7.1	0.0	0.0
86	__protein2_rbs	9.75	0.0	0.0
86	__protein3_rbs	1.75	0.0	0.0
86	__ribosome	36.95	0.0	0.0
86	__rnase_site_ext	15.3	0.0	0.0
86	p0	0.9	0.0	0.0
86	p1	0.75	0.0	0.0
86	protein1	278.4	11.8	2.1063153999999997
86	protein2	331.85	15.4	2.004468
86	protein3	63.15	3.4	2.135
86	r2	14.9	0.0	0.0
86	rnapol	0.15	0.0	0.0
87	__protein1_rbs	6.55	0.0	0.0
87	__protein2_rbs	8.1	0.0	0.0
87	__protein3_rbs	2.05	0.0	0.0
87	__ribosome	35.4	0.0	0.0
87	__rnase_site_ext	15.2	0.0	0.0
87	p0	0.8	0.0	0.0
87	p1	0.7	0.0	0.0
87	protein1	283.8	12.05	2.0831738
87	protein2	337.9	15.4	2.11427715
87	protein3	64.55	3.35	2.1825
87	r2	14.9	0.0	0.0
87	rnapol	0.15	0.0	0.0
88	__protein1_rbs	7.5	0.0	0.0
88	__protein2_rbs	8.95	0.0	0.0
88	__protein3_rbs	1.9	0.0	0.0
88	__ribosome	35.15	0.0	0.0
88	__rnase_site_ext	15.25	0.0	0.0
88	p0	0.95	0.0	0.0
88	p1	0.7	0.0	0.0
88	protein1	288.95	12.1	2.0194747
88	protein2	344.05	15.7	2.1265929
88	protein3	65.95	3.35	2.21
88	r2	15.15	0.0	0.0
88	rnapol	0.0	0.0	0.0
89	__protein1_rbs	7.4	0.0	0.0
89	__protein2_rbs	9.5	0.0	0.0
89	__protein3_rbs	1.75	0.0	0.0
89	__ribosome	34.6	0.0	0.0
89	__rnase_site_ext	15.3	0.0	0.0
89	p0	0.8	0.0	0.0
89	p1	0.6	0.0	0.0
89	protein1	293.5	12.1	2.04682805
89	protein2	350.35	15.7	2.12141625
89	protein3	67.45	3.4	2.255
89	r2	15.25	0.0	0.0
89	rnapol	0.15	0.0	0.0
90	__protein1_rbs	7.1	0.0	0.0
90	__protein2_rbs	9.6	0.0	0.0
90	__protein3_rbs	1.8	0.0	0.0
90	__ribosome	35.7	0.0	0.0
90	__rnase_site_ext	15.2	0.0	0.0
90	p0	0.9	0.0	0.0
90	p1	0.6	0.0	0.0
90	protein1	298.55	12.0	2.04167845
90	protein2	357.3	15.75	2.07010735
90	protein3	69.2	3.35	2.3225
90	r2	15.5	0.0	0.0
90	rnapol	0.1	0.0	0.0
91	__protein1_rbs	6.35	0.0	0.0
91	__protein2_rbs	9.05	0.0	0.0
91	__protein3_rbs	1.8	0.0	0.0
91	__ribosome	34.55	0.0	0.0
91	__rnase_site_ext	15.3	0.0	0.0
91	p0	0.8	0.0	0.0
91	p1	0.6	0.0	0.0
91	protein1	303.4	12.0	2.0806734000000002
91	protein2	363.55	15.6	2.1239116000000005
91	protein3	70.7	3.35	2.3258332999999998
91	r2	15.65	0.0	0.0
91	rnapol	0.1	0.0	0.0
92	__protein1_rbs	6.8	0.0	0.0
92	__protein2_rbs	8.7	0.0	0.0
92	__protein3_rbs	2.4	0.0	0.0
92	__ribosome	35.05	0.0	0.0
92	__rnase_site_ext	15.2	0.0	0.0
92	p0	0.85	0.0	0.0
92	p1	0.7	0.0	0.0
92	protein1	308.45	12.05	2.0728659
92	protein2	370.95	15.85	2.09412445
92	protein3	71.95	3.4	2.1841667
92	r2	15.75	0.0	0.0
92	rnapol	0.1	0.0	0.0
93	__protein1_rbs	6.5	0.0	0.0
93	__protein2_rbs	10.05	0.0	0.0
93	__protein3_rbs	1.65	0.0	0.0
93	__ribosome	35.3	0.0	0.0
93	__rnase_site_ext	15.3	0.0	0.0
93	p0	0.8	0.0	0.0
93	p1	0.55	0.0	0.0
93	protein1	313.7	12.0	2.11466475
93	protein2	378.0	16.0	2.02109425
93	protein3	73.6	3.4	2.27750005
93	r2	16.1	0.0	0.0
93	rnapol	0.05	0.0	0.0
94	__protein1_rbs	7.05	0.0	0.0
94	__protein2_rbs	9.55	0.0	0.0
94	__protein3_rbs	2.25	0.0	0.0
94	__ribosome	35.2	0.0	0.0
94	__rnase_site_ext	15.15	0.0	0.0
94	p0	0.95	0.0	0.0
94	p1	0.65	0.0	0.0
94	protein1	318.15	12.0	2.1297341
94	protein2	384.65	16.05	2.0130978500000003
94	protein3	74.9	3.65	2.0257143
94	r2	16.1	0.0	0.0
94	rnapol	0.1	0.0	0.0
95	__protein1_rbs	7.1	0.0	0.0
95	__protein2_rbs	9.55	0.0	0.0
95	__protein3_rbs	2.2	0.0	0.0
95	__ribosome	35.1	0.0	0.0
95	__rnase_site_ext	15.25	0.0	0.0
95	p0	0.85	0.0	0.0
95	p1	0.7	0.0	0.0
95	protein1	323.3	11.85	2.1394742999999994
95	protein2	391.0	16.15	2.0076339
95	protein3	76.4	3.5	inf
95	r2	16.25	0.0	0.0
95	rnapol	0.05	0.0	0.0
96	__protein1_rbs	6.9	0.0	0.0
96	__protein2_rbs	10.0	0.0	0.0
96	__protein3_rbs	2.45	0.0	0.0
96	__ribosome	34.7	0.0	0.0
96	__rnase_site_ext	15.4	0.0	0.0
96	p0	0.75	0.0	0.0
96	p1	0.7	0.0	0.0
96	protein1	328.25	11.8	2.1907025
96	protein2	397.4	16.3	2.00989615
96	protein3	77.9	3.55	2.07083335
96	r2	16.2	0.0	0.0
96	rnapol	0.1	0.0	0.0
97	__protein1_rbs	6.4	0.0	0.0
97	__protein2_rbs	9.55	0.0	0.0
97	__protein3_rbs	2.5	0.0	0.0
97	__ribosome	34.2	0.0	0.0
97	__rnase_site_ext	15.5	0.0	0.0
97	p0	0.9	0.0	0.0
97	p1	0.8	0.0	0.0
97	protein1	333.5	11.85	2.18448655
97	protein2	404.4	16.6	1.98427585
97	protein3	79.25	3.7	1.9316667000000003
97	r2	16.5	0.0	0.0
97	rnapol	0.1	0.0	0.0
98	__protein1_rbs	6.9	0.0	0.0
98	__protein2_rbs	9.65	0.0	0.0
98	__protein3_rbs	2.4	0.0	0.0
98	__ribosome	34.6	0.0	0.0
98	__rnase_site_ext	15.55	0.0	0.0
98	p0	0.75	0.0	0.0
98	p1	0.45	0.0	0.0
98	protein1	338.85	11.95	2.1550133
98	protein2	411.45	16.6	2.0054107
98	protein3	80.9	3.75	1.7938095
98	r2	16.45	0.0	0.0
98	rnapol	0.2	0.0	0.0
99	__protein1_rbs	7.1	0.0	0.0
99	__protein2_rbs	10.05	0.0	0.0
99	__protein3_rbs	2.0	0.0	0.0
99	__ribosome	32.95	0.0	0.0
99	__rnase_site_ext	15.85	0.0	0.0
99	p0	0.85	0.0	0.0
99	p1	0.7	0.0	0.0
99	protein1	343.85	11.95	2.1507777000000003
99	protein2	417.4	16.75	2.07284505
99	protein3	82.4	3.75	1.8538095
99	r2	16.6	0.0	0.0
99	rnapol	0.25	0.0	0.0
100	__protein1_rbs	7.35	0.0	0.0
100	__protein2_rbs	9.95	0.0	0.0
100	__protein3_rbs	2.45	0.0	0.0
100	__ribosome	34.0	0.0	0.0
100	__rnase_site_ext	16.0	0.0	0.0
100	p0	0.65	0.0	0.0
100	p1	0.65	0.0	0.0
100	protein1	349.3	12.25	2.07147075
100	protein2	424.4	16.65	2.05433665
100	protein3	84.0	3.75	1.8375
100	r2	16.5	0.0	0.0
100	rnapol	0.15	0.0	0.0
101	__protein1_rbs	7.2	0.0	0.0
101	__protein2_rbs	10.25	0.0	0.0
101	__protein3_rbs	2.35	0.0	0.0
101	__ribosome	33.45	0.0	0.0
101	__rnase_site_ext	16.2	0.0	0.0
101	p0	0.85	0.0	0.0
101	p1	0.8	0.0	0.0
101	protein1	354.25	12.3	2.07658705
101	protein2	431.3	16.8	2.02390165
101	protein3	85.2	3.8	1.8758333999999999
101	r2	16.7	0.0	0.0
101	rnapol	0.1	0.0	0.0
102	__protein1_rbs	7.35	0.0	0.0
102	__protein2_rbs	10.2	0.0	0.0
102	__protein3_rbs	2.25	0.0	0.0
102	__ribosome	33.7	0.0	0.0
102	__rnase_site_ext	16.3	0.0	0.0
102	p0	0.75	0.0	0.0
102	p1	0.65	0.0	0.0
102	protein1	360.15	12.4	2.0253259
102	protein2	438.05	16.8	2.0207049
102	protein3	86.4	3.85	1.92833335
102	r2	16.85	0.0	0.0
102	rnapol	0.2	0.0	0.0
103	__protein1_rbs	7.3	0.0	0.0
103	__protein2_rbs	10.15	0.0	0.0
103	__protein3_rbs	2.45	0.0	0.0
103	__ribosome	33.2	0.0	0.0
103	__rnase_site_ext	16.6	0.0	0.0
103	p0	0.85	0.0	0.0
103	p1	0.6	0.0	0.0
103	protein1	364.95	12.55	2.0627944000000005
103	protein2	445.55	17.1	1.96996135
103	protein3	87.7	3.9	1.91583325
103	r2	16.95	0.0	0.0
103	rnapol	0.05	0.0	0.0
104	__protein1_rbs	7.1	0.0	0.0
104	__protein2_rbs	10.3	0.0	0.0
104	__protein3_rbs	2.35	0.0	0.0
104	__ribosome	32.15	0.0	0.0
104	__rnase_site_ext	16.55	0.0	0.0
104	p0	0.9	0.0	0.0
104	p1	0.65	0.0	0.0
104	protein1	370.1	12.7	2.06316345
104	protein2	452.3	17.25	1.97627785
104	protein3	89.35	3.85	inf
104	r2	17.0	0.0	0.0
104	rnapol	0.2	0.0	0.0
105	__protein1_rbs	7.35	0.0	0.0
105	__protein2_rbs	10.45	0.0	0.0
105	__protein3_rbs	2.65	0.0	0.0
105	__ribosome	32.55	0.0	0.0
105	__rnase_site_ext	16.45	0.0	0.0
105	p0	0.95	0.0	0.0
105	p1	0.6	0.0	0.0
105	protein1	375.8	12.7	2.0461826500000004
105	protein2	459.05	17.35	2.00160855
105	protein3	90.95	4.0	inf
105	r2	17.05	0.0	0.0
105	rnapol	0.15	0.0	0.0
106	__protein1_rbs	7.35	0.0	0.0
106	__protein2_rbs	9.3	0.0	0.0
106	__protein3_rbs	2.4	0.0	0.0
106	__ribosome	31.75	0.0	0.0
106	__rnase_site_ext	16.75	0.0	0.0
106	p0	0.65	0.0	0.0
106	p1	0.65	0.0	0.0
106	protein1	380.9	12.65	2.04406875
106	protein2	466.6	17.25	2.0427887999999994
106	protein3	92.2	3.85	inf
106	r2	17.1	0.0	0.0
106	rnapol	0.1	0.0	0.0
107	__protein1_rbs	6.75	0.0	0.0
107	__protein2_rbs	10.8	0.0	0.0
107	__protein3_rbs	2.4	0.0	0.0
107	__ribosome	30.65	0.0	0.0
107	__rnase_site_ext	16.85	0.0	0.0
107	p0	0.85	0.0	0.0
107	p1	0.65	0.0	0.0
107	protein1	385.8	12.9	2.0821685000000003
107	protein2	473.2	17.3	2.0412468
107	protein3	93.75	3.9	1.7894047999999998
107	r2	17.35	0.0	0.0
107	rnapol	0.15	0.0	0.0
108	__protein1_rbs	8.05	0.0	0.0
108	__protein2_rbs	10.9	0.0	0.0
108	__protein3_rbs	2.45	0.0	0.0
108	__ribosome	31.95	0.0	0.0
108	__rnase_site_ext	17.0	0.0	0.0
108	p0	0.95	0.0	0.0
108	p1	0.5	0.0	0.0
108	protein1	391.25	13.15	2.0054788500000003
108	protein2	480.05	17.2	2.02926295
108	protein3	95.7	3.9	1.66035715
108	r2	17.45	0.0	0.0
108	rnapol	0.2	0.0	0.0
109	__protein1_rbs	8.05	0.0	0.0
109	__protein2_rbs	10.55	0.0	0.0
109	__protein3_rbs	2.4	0.0	0.0
109	__ribosome	32.95	0.0	0.0
109	__rnase_site_ext	17.2	0.0	0.0
109	p0	0.9	0.0	0.0
109	p1	0.65	0.0	0.0
109	protein1	396.65	13.15	1.9713869
109	protein2	487.9	17.35	1.96781025
109	protein3	97.25	3.95	1.6891071500000003
109	r2	17.45	0.0	0.0
109	rnapol	0.15	0.0	0.0
110	__protein1_rbs	7.95	0.0	0.0
110	__protein2_rbs	11.0	0.0	0.0
110	__protein3_rbs	2.25	0.0	0.0
110	__ribosome	32.9	0.0	0.0
110	__rnase_site_ext	17.15	0.0	0.0
110	p0	0.75	0.0	0.0
110	p1	0.75	0.0	0.0
110	protein1	402.0	13.4	1.9275217000000004
110	protein2	495.05	17.2	1.9836218
110	protein3	98.6	3.9	1.84886905
110	r2	17.6	0.0	0.0
110	rnapol	0.15	0.0	0.0
111	__protein1_rbs	8.4	0.0	0.0
111	__protein2_rbs	10.8	0.0	0.0
111	__protein3_rbs	2.35	0.0	0.0
111	__ribosome	33.45	0.0	0.0
111	__rnase_site_ext	17.2	0.0	0.0
111	p0	0.7	0.0	0.0
111	p1	0.8	0.0	0.0
111	protein1	407.4	13.45	1.9308429
111	protein2	502.45	17.3	1.9098488499999997
111	protein3	100.15	3.85	2.11833335
111	r2	17.55	0.0	0.0
111	rnapol	0.15	0.0	0.0
112	__protein1_rbs	8.35	0.0	0.0
112	__protein2_rbs	10.6	0.0	0.0
112	__protein3_rbs	2.25	0.0	0.0
112	__ribosome	32.8	0.0	0.0
112	__rnase_site_ext	17.25	0.0	0.0
112	p0	0.85	0.0	0.0
112	p1	0.65	0.0	0.0
112	protein1	412.65	13.5	1.95811385
112	protein2	509.1	17.5	1.9068732
112	protein3	101.45	3.8	2.10625
112	r2	17.6	0.0	0.0
112	rnapol	0.05	0.0	0.0
113	__protein1_rbs	7.55	0.0	0.0
113	__protein2_rbs	11.1	0.0	0.0
113	__protein3_rbs	2.1	0.0	0.0
113	__ribosome	32.7	0.0	0.0
113	__rnase_site_ext	17.3	0.0	0.0
113	p0	0.85	0.0	0.0
113	p1	0.65	0.0	0.0
113	protein1	417.9	13.5	2.0059903500000003
113	protein2	516.45	17.45	1.8875424
113	protein3	103.2	3.85	2.11660715
113	r2	17.85	0.0	0.0
113	rnapol	0.05	0.0	0.0
114	__protein1_rbs	8.55	0.0	0.0
114	__protein2_rbs	10.8	0.0	0.0
114	__protein3_rbs	2.4	0.0	0.0
114	__ribosome	33.35	0.0	0.0
114	__rnase_site_ext	17.45	0.0	0.0
114	p0	0.75	0.0	0.0
114	p1	0.7	0.0	0.0
114	protein1	423.7	13.5	1.9578092500000004
114	protein2	523.45	17.4	1.8858076000000004
114	protein3	104.75	3.9	2.0551785
114	r2	18.0	0.0	0.0
114	rnapol	0.15	0.0	0.0
115	__protein1_rbs	8.1	0.0	0.0
115	__protein2_rbs	9.7	0.0	0.0
115	__protein3_rbs	2.25	0.0	0.0
115	__ribosome	31.5	0.0	0.0
115	__rnase_site_ext	17.55	0.0	0.0
115	p0	0.9	0.0	0.0
115	p1	0.65	0.0	0.0
115	protein1	428.95	13.65	1.9967707
115	protein2	530.05	17.3	1.9714011
115	protein3	106.45	3.95	2.07029765
115	r2	18.1	0.0	0.0
115	rnapol	0.3	0.0	0.0
116	__protein1_rbs	8.55	0.0	0.0
116	__protein2_rbs	10.95	0.0	0.0
116	__protein3_rbs	2.2	0.0	0.0
116	__ribosome	31.3	0.0	0.0
116	__rnase_site_ext	17.75	0.0	0.0
116	p0	0.75	0.0	0.0
116	p1	0.75	0.0	0.0
116	protein1	434.75	13.65	1.95391685
116	protein2	536.45	17.55	1.95816565
116	protein3	107.9	3.9	2.0927380500000003
116	r2	18.1	0.0	0.0
116	rnapol	0.2	0.0	0.0
117	__protein1_rbs	7.9	0.0	0.0
117	__protein2_rbs	10.75	0.0	0.0
117	__protein3_rbs	2.5	0.0	0.0
117	__ribosome	30.05	0.0	0.0
117	__rnase_site_ext	17.75	0.0	0.0
117	p0	0.8	0.0	0.0
117	p1	0.45	0.0	0.0
117	protein1	439.75	13.8	2.04055795
117	protein2	543.7	17.7	1.9639985
117	protein3	109.6	3.85	2.0976785
117	r2	18.1	0.0	0.0
117	rnapol	0.2	0.0	0.0
118	__protein1_rbs	8.2	0.0	0.0
118	__protein2_rbs	10.35	0.0	0.0
118	__protein3_rbs	2.3	0.0	0.0
118	__ribosome	30.05	0.0	0.0
118	__rnase_site_ext	17.85	0.0	0.0
118	p0	0.75	0.0	0.0
118	p1	0.5	0.0	0.0
118	protein1	445.8	13.75	2.01006155
118	protein2	551.0	17.95	1.9539022000000001
118	protein3	111.15	3.95	2.10583335
118	r2	17.85	0.0	0.0
118	rnapol	0.1	0.0	0.0
119	__protein1_rbs	8.7	0.0	0.0
119	__protein2_rbs	11.35	0.0	0.0
119	__protein3_rbs	2.65	0.0	0.0
119	__ribosome	30.5	0.0	0.0
119	__rnase_site_ext	17.8	0.0	0.0
119	p0	0.85	0.0	0.0
119	p1	0.65	0.0	0.0
119	protein1	451.6	13.85	2.0132133000000003
119	protein2	557.8	18.05	1.9323723000000004
119	protein3	112.75	3.95	2.0470833
119	r2	17.8	0.0	0.0
119	rnapol	0.1	0.0	0.0
120	__protein1_rbs	8.5	0.0	0.0
120	__protein2_rbs	11.0	0.0	0.0
120	__protein3_rbs	2.4	0.0	0.0
120	__ribosome	30.1	0.0	0.0
120	__rnase_site_ext	17.95	0.0	0.0
120	p0	0.75	0.0	0.0
120	p1	0.75	0.0	0.0
120	protein1	456.7	13.8	2.0219014
120	protein2	565.0	18.15	1.9373683000000002
120	protein3	114.4	3.95	2.02624995
120	r2	17.95	0.0	0.0
120	rnapol	0.15	0.0	0.0
121	__protein1_rbs	8.6	0.0	0.0
121	__protein2_rbs	10.2	0.0	0.0
121	__protein3_rbs	2.05	0.0	0.0
121	__ribosome	29.55	0.0	0.0
121	__rnase_site_ext	18.0	0.0	0.0
121	p0	0.8	0.0	0.0
121	p1	0.6	0.0	0.0
121	protein1	462.9	14.0	1.9523867500000005
121	protein2	572.25	18.45	1.95224415
121	protein3	116.35	4.1	1.93625
121	r2	18.1	0.0	0.0
121	rnapol	0.15	0.0	0.0
122	__protein1_rbs	8.85	0.0	0.0
122	__protein2_rbs	11.75	0.0	0.0
122	__protein3_rbs	2.65	0.0	0.0
122	__ribosome	29.35	0.0	0.0
122	__rnase_site_ext	18.1	0.0	0.0
122	p0	0.85	0.0	0.0
122	p1	0.7	0.0	0.0
122	protein1	468.45	14.1	1.9469461000000003
122	protein2	579.6	18.45	1.93584495
122	protein3	117.55	4.1	1.9861111
122	r2	18.35	0.0	0.0
122	rnapol	0.1	0.0	0.0
123	__protein1_rbs	9.0	0.0	0.0
123	__protein2_rbs	11.6	0.0	0.0
123	__protein3_rbs	2.1	0.0	0.0
123	__ribosome	29.2	0.0	0.0
123	__rnase_site_ext	18.05	0.0	0.0
123	p0	0.8	0.0	0.0
123	p1	0.65	0.0	0.0
123	protein1	474.55	14.15	1.89183715
123	protein2	586.9	18.6	1.95291685
123	protein3	119.35	4.05	1.99916665
123	r2	18.2	0.0	0.0
123	rnapol	0.2	0.0	0.0
124	__protein1_rbs	9.0	0.0	0.0
124	__protein2_rbs	12.2	0.0	0.0
124	__protein3_rbs	2.8	0.0	0.0
124	__ribosome	29.35	0.0	0.0
124	__rnase_site_ext	18.3	0.0	0.0
124	p0	0.85	0.0	0.0
124	p1	0.6	0.0	0.0
124	protein1	480.0	14.1	1.8866668000000002
124	protein2	594.15	18.85	1.9256117
124	protein3	120.75	4.1	1.9808332999999998
124	r2	18.1	0.0	0.0
124	rnapol	0.15	0.0	0.0
125	__protein1_rbs	9.05	0.0	0.0
125	__protein2_rbs	11.65	0.0	0.0
125	__protein3_rbs	2.65	0.0	0.0
125	__ribosome	28.9	0.0	0.0
125	__rnase_site_ext	18.45	0.0	0.0
125	p0	0.8	0.0	0.0
125	p1	0.7	0.0	0.0
125	protein1	485.05	14.3	1.8947241999999997
125	protein2	601.55	18.95	1.9154346000000002
125	protein3	122.45	4.15	1.90958335
125	r2	18.45	0.0	0.0
125	rnapol	0.1	0.0	0.0
126	__protein1_rbs	8.3	0.0	0.0
126	__protein2_rbs	11.85	0.0	0.0
126	__protein3_rbs	2.6	0.0	0.0
126	__ribosome	30.0	0.0	0.0
126	__rnase_site_ext	18.65	0.0	0.0
126	p0	0.7	0.0	0.0
126	p1	0.65	0.0	0.0
126	protein1	491.45	14.2	1.907851
126	protein2	610.0	19.05	1.8584937
126	protein3	124.25	4.1	1.8529166000000004
126	r2	18.45	0.0	0.0
126	rnapol	0.1	0.0	0.0
127	__protein1_rbs	8.15	0.0	0.0
127	__protein2_rbs	11.25	0.0	0.0
127	__protein3_rbs	2.9	0.0	0.0
127	__ribosome	28.5	0.0	0.0
127	__rnase_site_ext	18.8	0.0	0.0
127	p0	0.9	0.0	0.0
127	p1	0.65	0.0	0.0
127	protein1	496.75	14.35	1.9759129
127	protein2	617.35	19.25	1.87331855
127	protein3	125.8	4.1	1.81125005
127	r2	18.55	0.0	0.0
127	rnapol	0.1	0.0	0.0
128	__protein1_rbs	9.25	0.0	0.0
128	__protein2_rbs	11.8	0.0	0.0
128	__protein3_rbs	2.9	0.0	0.0
128	__ribosome	28.75	0.0	0.0
128	__rnase_site_ext	18.75	0.0	0.0
128	p0	1.0	0.0	0.0
128	p1	0.7	0.0	0.0
128	protein1	501.85	14.6	1.9436711
128	protein2	624.85	19.4	1.86772555
128	protein3	127.65	4.05	1.72125
128	r2	18.75	0.0	0.0
128	rnapol	0.15	0.0	0.0
129	__protein1_rbs	9.25	0.0	0.0
129	__protein2_rbs	13.15	0.0	0.0
129	__protein3_rbs	2.9	0.0	0.0
129	__ribosome	29.2	0.0	0.0
129	__rnase_site_ext	18.9	0.0	0.0
129	p0	0.8	0.0	0.0
129	p1	0.55	0.0	0.0
129	protein1	507.0	14.55	1.9964548
129	protein2	631.95	19.25	1.8473179
129	protein3	129.25	3.95	1.7091666499999998
129	r2	18.75	0.0	0.0
129	rnapol	0.15	0.0	0.0
130	__protein1_rbs	8.8	0.0	0.0
130	__protein2_rbs	12.55	0.0	0.0
130	__protein3_rbs	2.6	0.0	0.0
130	__ribosome	29.2	0.0	0.0
130	__rnase_site_ext	18.9	0.0	0.0
130	p0	0.85	0.0	0.0
130	p1	0.6	0.0	0.0
130	protein1	513.7	14.65	1.9316794999999995
130	protein2	638.75	19.45	1.8573577500000005
130	protein3	130.8	4.0	1.7095833000000002
130	r2	18.8	0.0	0.0
130	rnapol	0.2	0.0	0.0
131	__protein1_rbs	9.55	0.0	0.0
131	__protein2_rbs	12.55	0.0	0.0
131	__protein3_rbs	2.6	0.0	0.0
131	__ribosome	30.6	0.0	0.0
131	__rnase_site_ext	19.05	0.0	0.0
131	p0	0.7	0.0	0.0
131	p1	0.6	0.0	0.0
131	protein1	520.15	14.6	1.8563585
131	protein2	647.05	19.4	1.8308194000000004
131	protein3	132.15	4.05	1.8149999500000005
131	r2	18.95	0.0	0.0
131	rnapol	0.15	0.0	0.0
132	__protein1_rbs	9.45	0.0	0.0
132	__protein2_rbs	12.1	0.0	0.0
132	__protein3_rbs	1.95	0.0	0.0
132	__ribosome	29.75	0.0	0.0
132	__rnase_site_ext	19.35	0.0	0.0
132	p0	0.85	0.0	0.0
132	p1	0.55	0.0	0.0
132	protein1	525.85	14.65	1.86192875
132	protein2	654.75	19.4	1.8359128
132	protein3	133.5	4.15	1.9334126500000004
132	r2	19.25	0.0	0.0
132	rnapol	0.15	0.0	0.0
133	__protein1_rbs	8.85	0.0	0.0
133	__protein2_rbs	12.5	0.0	0.0
133	__protein3_rbs	2.5	0.0	0.0
133	__ribosome	28.5	0.0	0.0
133	__rnase_site_ext	19.35	0.0	0.0
133	p0	0.85	0.0	0.0
133	p1	0.65	0.0	0.0
133	protein1	531.15	14.9	1.9130453
133	protein2	662.55	19.6	1.8188446
133	protein3	135.0	4.15	1.95746035
133	r2	19.55	0.0	0.0
133	rnapol	0.0	0.0	0.0
134	__protein1_rbs	10.2	0.0	0.0
134	__protein2_rbs	12.4	0.0	0.0
134	__protein3_rbs	2.65	0.0	0.0
134	__ribosome	28.65	0.0	0.0
134	__rnase_site_ext	19.5	0.0	0.0
134	p0	0.85	0.0	0.0
134	p1	0.75	0.0	0.0
134	protein1	537.2	15.0	1.83456595
134	protein2	669.4	19.85	1.8392660000000003
134	protein3	136.5	4.1	1.9356746
134	r2	19.6	0.0	0.0
134	rnapol	0.15	0.0	0.0
135	__protein1_rbs	9.3	0.0	0.0
135	__protein2_rbs	12.75	0.0	0.0
135	__protein3_rbs	3.25	0.0	0.0
135	__ribosome	29.3	0.0	0.0
135	__rnase_site_ext	19.55	0.0	0.0
135	p0	0.95	0.0	0.0
135	p1	0.7	0.0	0.0
135	protein1	542.9	15.1	1.8523243999999999
135	protein2	677.3	19.9	1.8229292000000004
135	protein3	138.15	4.15	1.7398412999999997
135	r2	19.75	0.0	0.0
135	rnapol	0.15	0.0	0.0
136	__protein1_rbs	8.75	0.0	0.0
136	__protein2_rbs	12.8	0.0	0.0
136	__protein3_rbs	2.8	0.0	0.0
136	__ribosome	28.9	0.0	0.0
136	__rnase_site_ext	19.65	0.0	0.0
136	p0	0.8	0.0	0.0
136	p1	0.65	0.0	0.0
136	protein1	549.2	15.15	1.87964
136	protein2	685.05	20.1	1.8072951000000002
136	protein3	139.75	4.2	1.6567062999999995
136	r2	19.75	0.0	0.0
136	rnapol	0.25	0.0	0.0
137	__protein1_rbs	10.2	0.0	0.0
137	__protein2_rbs	12.85	0.0	0.0
137	__protein3_rbs	2.35	0.0	0.0
137	__ribosome	28.95	0.0	0.0
137	__rnase_site_ext	19.6	0.0	0.0
137	p0	0.75	0.0	0.0
137	p1	0.55	0.0	0.0
137	protein1	555.2	15.15	1.83418265
137	protein2	692.55	20.2	1.816366
137	protein3	141.35	4.25	1.7403967500000004
137	r2	19.9	0.0	0.0
137	rnapol	0.15	0.0	0.0
138	__protein1_rbs	9.6	0.0	0.0
138	__protein2_rbs	12.45	0.0	0.0
138	__protein3_rbs	2.25	0.0	0.0
138	__ribosome	27.75	0.0	0.0
138	__rnase_site_ext	19.8	0.0	0.0
138	p0	0.85	0.0	0.0
138	p1	0.65	0.0	0.0
138	protein1	561.05	15.25	1.84875455
138	protein2	700.0	20.15	1.8556339
138	protein3	142.95	4.2	1.81472225
138	r2	20.2	0.0	0.0
138	rnapol	0.15	0.0	0.0
139	__protein1_rbs	9.6	0.0	0.0
139	__protein2_rbs	13.05	0.0	0.0
139	__protein3_rbs	2.75	0.0	0.0
139	__ribosome	26.9	0.0	0.0
139	__rnase_site_ext	19.65	0.0	0.0
139	p0	0.8	0.0	0.0
139	p1	0.7	0.0	0.0
139	protein1	566.25	15.45	1.8947386999999998
139	protein2	707.7	20.3	1.83466825
139	protein3	144.4	4.2	1.8113095
139	r2	20.2	0.0	0.0
139	rnapol	0.1	0.0	0.0
140	__protein1_rbs	10.0	0.0	0.0
140	__protein2_rbs	12.65	0.0	0.0
140	__protein3_rbs	2.45	0.0	0.0
140	__ribosome	27.45	0.0	0.0
140	__rnase_site_ext	19.55	0.0	0.0
140	p0	0.85	0.0	0.0
140	p1	0.7	0.0	0.0
140	protein1	572.65	15.45	1.84137415
140	protein2	715.8	20.05	1.8337903
140	protein3	145.65	4.3	1.9213095000000002
140	r2	20.3	0.0	0.0
140	rnapol	0.15	0.0	0.0
141	__protein1_rbs	9.6	0.0	0.0
141	__protein2_rbs	13.0	0.0	0.0
141	__protein3_rbs	2.8	0.0	0.0
141	__ribosome	26.5	0.0	0.0
141	__rnase_site_ext	19.6	0.0	0.0
141	p0	0.85	0.0	0.0
141	p1	0.75	0.0	0.0
141	protein1	578.85	15.4	1.8340583
141	protein2	722.95	20.35	1.8388697
141	protein3	147.1	4.4	2.03845235
141	r2	20.45	0.0	0.0
141	rnapol	0.2	0.0	0.0
142	__protein1_rbs	10.05	0.0	0.0
142	__protein2_rbs	12.4	0.0	0.0
142	__protein3_rbs	3.0	0.0	0.0
142	__ribosome	26.4	0.0	0.0
142	__rnase_site_ext	19.6	0.0	0.0
142	p0	0.75	0.0	0.0
142	p1	0.65	0.0	0.0
142	protein1	584.7	15.5	1.8256461
142	protein2	730.65	20.35	1.8495206999999998
142	protein3	149.0	4.5	1.88071425
142	r2	20.45	0.0	0.0
142	rnapol	0.25	0.0	0.0
143	__protein1_rbs	10.2	0.0	0.0
143	__protein2_rbs	12.8	0.0	0.0
143	__protein3_rbs	3.0	0.0	0.0
143	__ribosome	26.75	0.0	0.0
143	__rnase_site_ext	19.75	0.0	0.0
143	p0	0.75	0.0	0.0
143	p1	0.7	0.0	0.0
143	protein1	590.5	15.5	1.8122564000000003
143	protein2	738.75	20.35	1.8474920000000004
143	protein3	150.8	4.5	1.8771428
143	r2	20.5	0.0	0.0
143	rnapol	0.0	0.0	0.0
144	__protein1_rbs	9.85	0.0	0.0
144	__protein2_rbs	13.45	0.0	0.0
144	__protein3_rbs	3.05	0.0	0.0
144	__ribosome	27.2	0.0	0.0
144	__rnase_site_ext	19.85	0.0	0.0
144	p0	0.9	0.0	0.0
144	p1	0.45	0.0	0.0
144	protein1	596.55	15.35	1.8157510500000005
144	protein2	746.15	20.2	1.8343977999999999
144	protein3	152.05	4.5	1.83011905
144	r2	20.45	0.0	0.0
144	rnapol	0.0	0.0	0.0
145	__protein1_rbs	9.2	0.0	0.0
145	__protein2_rbs	12.85	0.0	0.0
145	__protein3_rbs	2.9	0.0	0.0
145	__ribosome	28.2	0.0	0.0
145	__rnase_site_ext	19.6	0.0	0.0
145	p0	0.95	0.0	0.0
145	p1	0.8	0.0	0.0
145	protein1	602.8	15.45	1.8359646
145	protein2	755.35	20.3	1.7688138499999997
145	protein3	154.1	4.55	1.85729435
145	r2	20.6	0.0	0.0
145	rnapol	0.1	0.0	0.0
146	__protein1_rbs	10.0	0.0	0.0
146	__protein2_rbs	12.8	0.0	0.0
146	__protein3_rbs	2.7	0.0	0.0
146	__ribosome	27.65	0.0	0.0
146	__rnase_site_ext	19.6	0.0	0.0
146	p0	0.8	0.0	0.0
146	p1	0.75	0.0	0.0
146	protein1	609.05	15.4	1.808382
146	protein2	762.45	20.35	1.80747155
146	protein3	155.65	4.55	1.9200325
146	r2	20.75	0.0	0.0
146	rnapol	0.2	0.0	0.0
147	__protein1_rbs	9.45	0.0	0.0
147	__protein2_rbs	13.1	0.0	0.0
147	__protein3_rbs	2.75	0.0	0.0
147	__ribosome	26.65	0.0	0.0
147	__rnase_site_ext	19.75	0.0	0.0
147	p0	0.65	0.0	0.0
147	p1	0.65	0.0	0.0
147	protein1	614.0	15.4	1.89496345
147	protein2	770.7	20.7	1.7514248499999998
147	protein3	157.35	4.55	1.92285715
147	r2	20.8	0.0	0.0
147	rnapol	0.15	0.0	0.0
148	__protein1_rbs	10.35	0.0	0.0
148	__protein2_rbs	12.8	0.0	0.0
148	__protein3_rbs	3.1	0.0	0.0
148	__ribosome	26.3	0.0	0.0
148	__rnase_site_ext	20.05	0.0	0.0
148	p0	0.8	0.0	0.0
148	p1	0.65	0.0	0.0
148	protein1	620.1	15.35	1.8420298
148	protein2	777.65	20.8	1.8155859
148	protein3	159.25	4.5	1.8474206500000008
148	r2	20.7	0.0	0.0
148	rnapol	0.15	0.0	0.0
149	__protein1_rbs	10.5	0.0	0.0
149	__protein2_rbs	12.55	0.0	0.0
149	__protein3_rbs	2.95	0.0	0.0
149	__ribosome	25.95	0.0	0.0
149	__rnase_site_ext	20.05	0.0	0.0
149	p0	0.9	0.0	0.0
149	p1	0.7	0.0	0.0
149	protein1	626.15	15.65	1.7944345499999996
149	protein2	785.4	20.7	1.8678999999999997
149	protein3	161.05	4.55	1.7909523999999997
149	r2	20.55	0.0	0.0
149	rnapol	0.0	0.0	0.0
150	__protein1_rbs	9.8	0.0	0.0
150	__protein2_rbs	13.65	0.0	0.0
150	__protein3_rbs	2.6	0.0	0.0
150	__ribosome	26.0	0.0	0.0
150	__rnase_site_ext	19.9	0.0	0.0
150	p0	0.95	0.0	0.0
150	p1	0.7	0.0	0.0
150	protein1	632.15	15.75	1.7803214
150	protein2	793.55	21.0	1.8269368500000005
150	protein3	162.75	4.55	1.83291665
150	r2	20.75	0.0	0.0
150	rnapol	0.2	0.0	0.0
151	__protein1_rbs	10.3	0.0	0.0
151	__protein2_rbs	13.1	0.0	0.0
151	__protein3_rbs	3.25	0.0	0.0
151	__ribosome	26.1	0.0	0.0
151	__rnase_site_ext	20.0	0.0	0.0
151	p0	0.85	0.0	0.0
151	p1	0.6	0.0	0.0
151	protein1	638.35	15.6	1.7948671000000005
151	protein2	801.6	21.2	1.8178046
151	protein3	164.6	4.65	1.7402379999999995
151	r2	20.85	0.0	0.0
151	rnapol	0.1	0.0	0.0
152	__protein1_rbs	10.5	0.0	0.0
152	__protein2_rbs	14.5	0.0	0.0
152	__protein3_rbs	3.1	0.0	0.0
152	__ribosome	27.45	0.0	0.0
152	__rnase_site_ext	20.4	0.0	0.0
152	p0	0.7	0.0	0.0
152	p1	0.6	0.0	0.0
152	protein1	644.55	15.75	1.7170336000000002
152	protein2	809.15	21.1	1.8106479000000004
152	protein3	166.45	4.7	1.7592857
152	r2	20.9	0.0	0.0
152	rnapol	0.1	0.0	0.0
153	__protein1_rbs	10.75	0.0	0.0
153	__protein2_rbs	13.6	0.0	0.0
153	__protein3_rbs	2.75	0.0	0.0
153	__ribosome	26.55	0.0	0.0
153	__rnase_site_ext	20.35	0.0	0.0
153	p0	0.8	0.0	0.0
153	p1	0.55	0.0	0.0
153	protein1	650.05	15.95	1.6937021500000005
153	protein2	817.75	21.35	1.8015383999999999
153	protein3	168.15	4.85	1.87333335
153	r2	20.6	0.0	0.0
153	rnapol	0.1	0.0	0.0
154	__protein1_rbs	10.35	0.0	0.0
154	__protein2_rbs	13.75	0.0	0.0
154	__protein3_rbs	3.35	0.0	0.0
154	__ribosome	26.9	0.0	0.0
154	__rnase_site_ext	20.3	0.0	0.0
154	p0	0.85	0.0	0.0
154	p1	0.55	0.0	0.0
154	protein1	656.15	16.15	1.6807726499999998
154	protein2	826.1	21.35	1.80282695
154	protein3	170.2	4.75	1.7997023
154	r2	20.55	0.0	0.0
154	rnapol	0.15	0.0	0.0
155	__protein1_rbs	10.6	0.0	0.0
155	__protein2_rbs	13.75	0.0	0.0
155	__protein3_rbs	3.15	0.0	0.0
155	__ribosome	25.75	0.0	0.0
155	__rnase_site_ext	20.35	0.0	0.0
155	p0	0.9	0.0	0.0
155	p1	0.75	0.0	0.0
155	protein1	661.8	16.1	1.7142106
155	protein2	833.55	21.3	1.8288836
155	protein3	171.65	4.65	1.8757738500000003
155	r2	20.9	0.0	0.0
155	rnapol	0.15	0.0	0.0
156	__protein1_rbs	10.25	0.0	0.0
156	__protein2_rbs	13.4	0.0	0.0
156	__protein3_rbs	3.05	0.0	0.0
156	__ribosome	25.5	0.0	0.0
156	__rnase_site_ext	20.6	0.0	0.0
156	p0	0.65	0.0	0.0
156	p1	0.75	0.0	0.0
156	protein1	667.6	16.1	1.7404807499999997
156	protein2	841.95	21.4	1.82348325
156	protein3	173.75	4.75	1.80892855
156	r2	20.95	0.0	0.0
156	rnapol	0.05	0.0	0.0
157	__protein1_rbs	10.55	0.0	0.0
157	__protein2_rbs	14.65	0.0	0.0
157	__protein3_rbs	3.3	0.0	0.0
157	__ribosome	25.7	0.0	0.0
157	__rnase_site_ext	20.55	0.0	0.0
157	p0	0.9	0.0	0.0
157	p1	0.6	0.0	0.0
157	protein1	672.9	16.3	1.7581965999999998
157	protein2	850.4	21.55	1.75660405
157	protein3	175.2	4.65	1.7885118999999998
157	r2	21.1	0.0	0.0
157	rnapol	0.1	0.0	0.0
158	__protein1_rbs	10.35	0.0	0.0
158	__protein2_rbs	13.65	0.0	0.0
158	__protein3_rbs	2.85	0.0	0.0
158	__ribosome	25.0	0.0	0.0
158	__rnase_site_ext	20.6	0.0	0.0
158	p0	0.85	0.0	0.0
158	p1	0.55	0.0	0.0
158	protein1	678.6	16.3	1.801981
158	protein2	858.85	21.5	1.762904
158	protein3	177.35	4.8	1.6968452000000005
158	r2	21.15	0.0	0.0
158	rnapol	0.1	0.0	0.0
159	__protein1_rbs	10.7	0.0	0.0
159	__protein2_rbs	14.6	0.0	0.0
159	__protein3_rbs	3.15	0.0	0.0
159	__ribosome	25.7	0.0	0.0
159	__rnase_site_ext	20.45	0.0	0.0
159	p0	0.95	0.0	0.0
159	p1	0.55	0.0	0.0
159	protein1	684.7	16.3	1.81431765
159	protein2	867.25	21.25	1.7516007999999998
159	protein3	178.9	4.95	1.678869
159	r2	21.3	0.0	0.0
159	rnapol	0.1	0.0	0.0
160	__protein1_rbs	10.65	0.0	0.0
160	__protein2_rbs	13.45	0.0	0.0
160	__protein3_rbs	3.2	0.0	0.0
160	__ribosome	25.25	0.0	0.0
160	__rnase_site_ext	20.5	0.0	0.0
160	p0	0.8	0.0	0.0
160	p1	0.85	0.0	0.0
160	protein1	691.2	16.3	1.7963879000000005
160	protein2	875.2	21.25	1.77313065
160	protein3	180.75	4.9	1.7305951999999991
160	r2	21.35	0.0	0.0
160	rnapol	0.0	0.0	0.0
161	__protein1_rbs	11.1	0.0	0.0
161	__protein2_rbs	13.9	0.0	0.0
161	__protein3_rbs	3.3	0.0	0.0
161	__ribosome	25.9	0.0	0.0
161	__rnase_site_ext	20.35	0.0	0.0
161	p0	0.9	0.0	0.0
161	p1	0.45	0.0	0.0
161	protein1	697.3	16.25	1.7939173
161	protein2	883.2	21.2	1.7698205000000002
161	protein3	182.45	4.9	1.7697618999999998
161	r2	21.55	0.0	0.0
161	rnapol	0.05	0.0	0.0
162	__protein1_rbs	10.35	0.0	0.0
162	__protein2_rbs	14.5	0.0	0.0
162	__protein3_rbs	3.2	0.0	0.0
162	__ribosome	25.9	0.0	0.0
162	__rnase_site_ext	20.25	0.0	0.0
162	p0	0.95	0.0	0.0
162	p1	0.55	0.0	0.0
162	protein1	703.55	16.2	1.8189785
162	protein2	891.35	21.45	1.7327424500000004
162	protein3	184.15	5.0	1.7586309999999998
162	r2	21.6	0.0	0.0
162	rnapol	0.2	0.0	0.0
163	__protein1_rbs	10.65	0.0	0.0
163	__protein2_rbs	13.4	0.0	0.0
163	__protein3_rbs	3.0	0.0	0.0
163	__ribosome	26.15	0.0	0.0
163	__rnase_site_ext	20.4	0.0	0.0
163	p0	0.75	0.0	0.0
163	p1	0.7	0.0	0.0
163	protein1	710.25	16.15	1.7773704499999998
163	protein2	899.8	21.3	1.7398142500000002
163	protein3	186.0	5.1	1.75535715
163	r2	21.65	0.0	0.0
163	rnapol	0.05	0.0	0.0
164	__protein1_rbs	10.95	0.0	0.0
164	__protein2_rbs	13.75	0.0	0.0
164	__protein3_rbs	3.25	0.0	0.0
164	__ribosome	26.35	0.0	0.0
164	__rnase_site_ext	20.3	0.0	0.0
164	p0	0.85	0.0	0.0
164	p1	0.6	0.0	0.0
164	protein1	716.45	16.15	1.7344279999999999
164	protein2	907.35	21.4	1.75651735
164	protein3	187.95	5.1	1.7388690999999998
164	r2	21.8	0.0	0.0
164	rnapol	0.05	0.0	0.0
165	__protein1_rbs	10.5	0.0	0.0
165	__protein2_rbs	13.25	0.0	0.0
165	__protein3_rbs	3.4	0.0	0.0
165	__ribosome	25.35	0.0	0.0
165	__rnase_site_ext	20.4	0.0	0.0
165	p0	0.8	0.0	0.0
165	p1	0.8	0.0	0.0
165	protein1	722.6	16.1	1.7305470499999998
165	protein2	915.35	21.5	1.7923154500000005
165	protein3	189.75	5.2	1.77077385
165	r2	21.7	0.0	0.0
165	rnapol	0.2	0.0	0.0
166	__protein1_rbs	10.95	0.0	0.0
166	__protein2_rbs	13.55	0.0	0.0
166	__protein3_rbs	3.35	0.0	0.0
166	__ribosome	24.95	0.0	0.0
166	__rnase_site_ext	20.5	0.0	0.0
166	p0	0.85	0.0	0.0
166	p1	0.7	0.0	0.0
166	protein1	728.8	15.95	1.7089787
166	protein2	922.85	21.6	1.81907355
166	protein3	191.6	5.2	1.7954563500000005
166	r2	21.8	0.0	0.0
166	rnapol	0.15	0.0	0.0
167	__protein1_rbs	10.9	0.0	0.0
167	__protein2_rbs	13.95	0.0	0.0
167	__protein3_rbs	3.35	0.0	0.0
167	__ribosome	25.8	0.0	0.0
167	__rnase_site_ext	20.45	0.0	0.0
167	p0	0.75	0.0	0.0
167	p1	0.65	0.0	0.0
167	protein1	734.5	16.05	1.68059795
167	protein2	931.75	21.7	1.7959994500000005
167	protein3	193.8	5.2	1.7474008
167	r2	21.65	0.0	0.0
167	rnapol	0.25	0.0	0.0
168	__protein1_rbs	10.95	0.0	0.0
168	__protein2_rbs	15.45	0.0	0.0
168	__protein3_rbs	3.3	0.0	0.0
168	__ribosome	26.95	0.0	0.0
168	__rnase_site_ext	20.45	0.0	0.0
168	p0	0.9	0.0	0.0
168	p1	0.7	0.0	0.0
168	protein1	740.5	15.95	1.6430427500000004
168	protein2	939.75	21.8	1.7470850499999997
168	protein3	195.65	5.15	1.85857135
168	r2	21.7	0.0	0.0
168	rnapol	0.15	0.0	0.0
169	__protein1_rbs	10.9	0.0	0.0
169	__protein2_rbs	12.9	0.0	0.0
169	__protein3_rbs	3.35	0.0	0.0
169	__ribosome	25.05	0.0	0.0
169	__rnase_site_ext	20.6	0.0	0.0
169	p0	0.9	0.0	0.0
169	p1	0.8	0.0	0.0
169	protein1	746.25	16.15	1.6259424999999998
169	protein2	948.15	21.85	1.8275806000000003
169	protein3	197.7	5.15	1.7716468000000003
169	r2	21.65	0.0	0.0
169	rnapol	0.15	0.0	0.0
170	__protein1_rbs	10.75	0.0	0.0
170	__protein2_rbs	14.35	0.0	0.0
170	__protein3_rbs	3.65	0.0	0.0
170	__ribosome	25.7	0.0	0.0
170	__rnase_site_ext	20.75	0.0	0.0
170	p0	0.75	0.0	0.0
170	p1	0.75	0.0	0.0
170	protein1	752.1	16.3	1.6417946500000002
170	protein2	956.85	22.05	1.7687496999999999
170	protein3	199.65	5.25	1.67208335
170	r2	21.75	0.0	0.0
170	rnapol	0.05	0.0	0.0
171	__protein1_rbs	10.35	0.0	0.0
171	__protein2_rbs	14.55	0.0	0.0
171	__protein3_rbs	4.2	0.0	0.0
171	__ribosome	24.75	0.0	0.0
171	__rnase_site_ext	20.95	0.0	0.0
171	p0	0.75	0.0	0.0
171	p1	0.55	0.0	0.0
171	protein1	757.2	16.4	1.7055946500000003
171	protein2	965.1	21.9	1.78385015
171	protein3	201.75	5.35	1.5748809499999998
171	r2	21.8	0.0	0.0
171	rnapol	0.1	0.0	0.0
172	__protein1_rbs	11.15	0.0	0.0
172	__protein2_rbs	13.75	0.0	0.0
172	__protein3_rbs	3.4	0.0	0.0
172	__ribosome	25.3	0.0	0.0
172	__rnase_site_ext	20.75	0.0	0.0
172	p0	0.8	0.0	0.0
172	p1	0.7	0.0	0.0
172	protein1	763.25	16.5	1.69683885
172	protein2	973.9	21.9	1.7668916000000001
172	protein3	203.9	5.35	1.6430952
172	r2	21.8	0.0	0.0
172	rnapol	0.1	0.0	0.0
173	__protein1_rbs	10.75	0.0	0.0
173	__protein2_rbs	15.05	0.0	0.0
173	__protein3_rbs	3.4	0.0	0.0
173	__ribosome	24.35	0.0	0.0
173	__rnase_site_ext	20.7	0.0	0.0
173	p0	0.9	0.0	0.0
173	p1	0.5	0.0	0.0
173	protein1	768.35	16.4	1.79500405
173	protein2	982.2	22.0	1.74487725
173	protein3	205.8	5.35	1.6659920500000005
173	r2	21.65	0.0	0.0
173	rnapol	0.2	0.0	0.0
174	__protein1_rbs	10.7	0.0	0.0
174	__protein2_rbs	14.15	0.0	0.0
174	__protein3_rbs	3.05	0.0	0.0
174	__ribosome	24.3	0.0	0.0
174	__rnase_site_ext	20.7	0.0	0.0
174	p0	0.85	0.0	0.0
174	p1	0.55	0.0	0.0
174	protein1	775.2	16.4	1.760935899999999
174	protein2	990.8	22.05	1.73827075
174	protein3	207.85	5.3	1.7926388999999998
174	r2	21.75	0.0	0.0
174	rnapol	0.1	0.0	0.0
175	__protein1_rbs	10.85	0.0	0.0
175	__protein2_rbs	14.65	0.0	0.0
175	__protein3_rbs	3.15	0.0	0.0
175	__ribosome	24.2	0.0	0.0
175	__rnase_site_ext	20.95	0.0	0.0
175	p0	0.9	0.0	0.0
175	p1	0.6	0.0	0.0
175	protein1	781.0	16.4	1.78124525
175	protein2	998.8	22.1	1.7353559500000002
175	protein3	209.85	5.2	1.8835714500000005
175	r2	21.8	0.0	0.0
175	rnapol	0.2	0.0	0.0
176	__protein1_rbs	11.05	0.0	0.0
176	__protein2_rbs	15.3	0.0	0.0
176	__protein3_rbs	3.25	0.0	0.0
176	__ribosome	25.0	0.0	0.0
176	__rnase_site_ext	21.05	0.0	0.0
176	p0	0.65	0.0	0.0
176	p1	0.6	0.0	0.0
176	protein1	787.5	16.6	1.7138643999999998
176	protein2	1007.1	22.2	1.7092534
176	protein3	211.45	5.15	1.8723214500000005
176	r2	21.75	0.0	0.0
176	rnapol	0.1	0.0	0.0
177	__protein1_rbs	11.5	0.0	0.0
177	__protein2_rbs	14.7	0.0	0.0
177	__protein3_rbs	3.1	0.0	0.0
177	__ribosome	26.0	0.0	0.0
177	__rnase_site_ext	21.05	0.0	0.0
177	p0	0.9	0.0	0.0
177	p1	0.65	0.0	0.0
177	protein1	793.85	16.5	1.6885802999999997
177	protein2	1016.2	22.3	1.66927195
177	protein3	213.4	5.15	1.95357145
177	r2	21.85	0.0	0.0
177	rnapol	0.05	0.0	0.0
178	__protein1_rbs	10.6	0.0	0.0
178	__protein2_rbs	14.9	0.0	0.0
178	__protein3_rbs	3.35	0.0	0.0
178	__ribosome	25.85	0.0	0.0
178	__rnase_site_ext	21.2	0.0	0.0
178	p0	0.8	0.0	0.0
178	p1	0.6	0.0	0.0
178	protein1	799.95	16.65	1.67628155
178	protein2	1023.5	22.2	1.7039906500000004
178	protein3	216.15	5.15	1.8124405
178	r2	21.9	0.0	0.0
178	rnapol	0.25	0.0	0.0
179	__protein1_rbs	11.25	0.0	0.0
179	__protein2_rbs	14.35	0.0	0.0
179	__protein3_rbs	3.2	0.0	0.0
179	__ribosome	26.45	0.0	0.0
179	__rnase_site_ext	21.4	0.0	0.0
179	p0	0.65	0.0	0.0
179	p1	0.65	0.0	0.0
179	protein1	806.25	16.7	1.6473861500000002
179	protein2	1032.45	22.3	1.6808126
179	protein3	218.15	5.15	1.85101185
179	r2	21.95	0.0	0.0
179	rnapol	0.0	0.0	0.0
180	__protein1_rbs	10.75	0.0	0.0
180	__protein2_rbs	14.9	0.0	0.0
180	__protein3_rbs	3.25	0.0	0.0
180	__ribosome	25.95	0.0	0.0
180	__rnase_site_ext	21.5	0.0	0.0
180	p0	0.8	0.0	0.0
180	p1	0.75	0.0	0.0
180	protein1	812.5	16.9	1.6477488999999998
180	protein2	1040.25	22.45	1.6839886000000002
180	protein3	220.25	5.1	1.7236904999999998
180	r2	22.0	0.0	0.0
180	rnapol	0.1	0.0	0.0
181	__protein1_rbs	11.9	0.0	0.0
181	__protein2_rbs	15.05	0.0	0.0
181	__protein3_rbs	3.25	0.0	0.0
181	__ribosome	26.35	0.0	0.0
181	__rnase_site_ext	21.45	0.0	0.0
181	p0	0.85	0.0	0.0
181	p1	0.6	0.0	0.0
181	protein1	818.9	17.05	1.6040513
181	protein2	1048.4	22.45	1.67869115
181	protein3	222.15	4.9	1.8409524
181	r2	22.4	0.0	0.0
181	rnapol	0.1	0.0	0.0
182	__protein1_rbs	11.55	0.0	0.0
182	__protein2_rbs	14.3	0.0	0.0
182	__protein3_rbs	3.0	0.0	0.0
182	__ribosome	23.75	0.0	0.0
182	__rnase_site_ext	21.4	0.0	0.0
182	p0	0.95	0.0	0.0
182	p1	0.45	0.0	0.0
182	protein1	823.95	17.05	1.7049156500000002
182	protein2	1056.7	22.35	1.7293502500000002
182	protein3	224.45	4.95	1.7689285
182	r2	22.35	0.0	0.0
182	rnapol	0.3	0.0	0.0
183	__protein1_rbs	11.7	0.0	0.0
183	__protein2_rbs	15.1	0.0	0.0
183	__protein3_rbs	3.05	0.0	0.0
183	__ribosome	25.2	0.0	0.0
183	__rnase_site_ext	21.45	0.0	0.0
183	p0	0.8	0.0	0.0
183	p1	0.65	0.0	0.0
183	protein1	830.7	16.9	1.6783602500000003
183	protein2	1065.2	22.2	1.7130718500000004
183	protein3	226.25	4.8	1.8928571
183	r2	22.5	0.0	0.0
183	rnapol	0.05	0.0	0.0
184	__protein1_rbs	11.0	0.0	0.0
184	__protein2_rbs	13.8	0.0	0.0
184	__protein3_rbs	3.35	0.0	0.0
184	__ribosome	24.4	0.0	0.0
184	__rnase_site_ext	21.4	0.0	0.0
184	p0	0.8	0.0	0.0
184	p1	0.5	0.0	0.0
184	protein1	837.0	16.85	1.6722476000000004
184	protein2	1072.85	22.25	1.7671297000000004
184	protein3	228.2	5.05	1.81797615
184	r2	22.4	0.0	0.0
184	rnapol	0.15	0.0	0.0
185	__protein1_rbs	10.55	0.0	0.0
185	__protein2_rbs	14.15	0.0	0.0
185	__protein3_rbs	3.4	0.0	0.0
185	__ribosome	24.45	0.0	0.0
185	__rnase_site_ext	21.55	0.0	0.0
185	p0	0.95	0.0	0.0
185	p1	0.85	0.0	0.0
185	protein1	843.35	16.65	1.7133165
185	protein2	1082.05	22.55	1.7163000499999996
185	protein3	230.3	5.05	1.8221428
185	r2	22.5	0.0	0.0
185	rnapol	0.1	0.0	0.0
186	__protein1_rbs	11.25	0.0	0.0
186	__protein2_rbs	15.2	0.0	0.0
186	__protein3_rbs	3.55	0.0	0.0
186	__ribosome	25.3	0.0	0.0
186	__rnase_site_ext	21.2	0.0	0.0
186	p0	0.9	0.0	0.0
186	p1	0.55	0.0	0.0
186	protein1	849.8	16.8	1.6777095499999994
186	protein2	1090.4	22.75	1.7037404500000002
186	protein3	232.55	5.1	1.6665476000000001
186	r2	22.55	0.0	0.0
186	rnapol	0.15	0.0	0.0
187	__protein1_rbs	11.3	0.0	0.0
187	__protein2_rbs	15.0	0.0	0.0
187	__protein3_rbs	3.45	0.0	0.0
187	__ribosome	24.9	0.0	0.0
187	__rnase_site_ext	21.2	0.0	0.0
187	p0	0.7	0.0	0.0
187	p1	0.65	0.0	0.0
187	protein1	855.4	16.5	1.71332205
187	protein2	1098.75	23.1	1.6994000000000002
187	protein3	234.5	5.0	1.66833335
187	r2	22.4	0.0	0.0
187	rnapol	0.05	0.0	0.0
188	__protein1_rbs	10.2	0.0	0.0
188	__protein2_rbs	14.95	0.0	0.0
188	__protein3_rbs	3.35	0.0	0.0
188	__ribosome	23.7	0.0	0.0
188	__rnase_site_ext	21.1	0.0	0.0
188	p0	0.85	0.0	0.0
188	p1	0.65	0.0	0.0
188	protein1	861.8	16.45	1.7393070000000002
188	protein2	1106.95	22.8	1.7500162500000005
188	protein3	236.35	4.95	1.6977381500000004
188	r2	22.6	0.0	0.0
188	rnapol	0.0	0.0	0.0
189	__protein1_rbs	11.2	0.0	0.0
189	__protein2_rbs	14.35	0.0	0.0
189	__protein3_rbs	3.35	0.0	0.0
189	__ribosome	23.8	0.0	0.0
189	__rnase_site_ext	20.9	0.0	0.0
189	p0	0.85	0.0	0.0
189	p1	0.7	0.0	0.0
189	protein1	867.65	16.35	1.7709710500000004
189	protein2	1115.65	22.8	1.76154765
189	protein3	238.7	4.85	1.58821425
189	r2	22.75	0.0	0.0
189	rnapol	0.45	0.0	0.0
190	__protein1_rbs	11.15	0.0	0.0
190	__protein2_rbs	15.35	0.0	0.0
190	__protein3_rbs	3.2	0.0	0.0
190	__ribosome	25.2	0.0	0.0
190	__rnase_site_ext	21.3	0.0	0.0
190	p0	0.6	0.0	0.0
190	p1	0.65	0.0	0.0
190	protein1	874.75	16.3	1.7064133499999996
190	protein2	1124.4	22.9	1.7240405
190	protein3	240.2	4.85	1.63928565
190	r2	22.75	0.0	0.0
190	rnapol	0.4	0.0	0.0
191	__protein1_rbs	11.05	0.0	0.0
191	__protein2_rbs	14.95	0.0	0.0
191	__protein3_rbs	3.25	0.0	0.0
191	__ribosome	24.05	0.0	0.0
191	__rnase_site_ext	21.35	0.0	0.0
191	p0	0.7	0.0	0.0
191	p1	0.85	0.0	0.0
191	protein1	880.3	16.45	1.7214836499999997
191	protein2	1132.95	23.0	1.7550269500000002
191	protein3	242.3	4.9	1.5715475500000002
191	r2	22.85	0.0	0.0
191	rnapol	0.2	0.0	0.0
192	__protein1_rbs	11.95	0.0	0.0
192	__protein2_rbs	14.7	0.0	0.0
192	__protein3_rbs	3.45	0.0	0.0
192	__ribosome	24.55	0.0	0.0
192	__rnase_site_ext	21.45	0.0	0.0
192	p0	0.65	0.0	0.0
192	p1	0.8	0.0	0.0
192	protein1	886.65	16.65	1.6511645
192	protein2	1141.65	22.95	1.7649446999999998
192	protein3	243.85	4.9	1.5878572
192	r2	22.85	0.0	0.0
192	rnapol	0.15	0.0	0.0
193	__protein1_rbs	11.2	0.0	0.0
193	__protein2_rbs	14.9	0.0	0.0
193	__protein3_rbs	2.95	0.0	0.0
193	__ribosome	24.85	0.0	0.0
193	__rnase_site_ext	21.55	0.0	0.0
193	p0	0.8	0.0	0.0
193	p1	0.45	0.0	0.0
193	protein1	893.15	16.7	1.6262709000000002
193	protein2	1150.75	23.0	1.76107435
193	protein3	246.05	4.95	1.6057143
193	r2	23.1	0.0	0.0
193	rnapol	0.05	0.0	0.0
194	__protein1_rbs	10.8	0.0	0.0
194	__protein2_rbs	15.65	0.0	0.0
194	__protein3_rbs	3.0	0.0	0.0
194	__ribosome	24.5	0.0	0.0
194	__rnase_site_ext	21.7	0.0	0.0
194	p0	0.8	0.0	0.0
194	p1	0.7	0.0	0.0
194	protein1	899.1	16.7	1.6597502
194	protein2	1159.5	23.1	1.72424855
194	protein3	247.65	5.1	1.66833335
194	r2	23.05	0.0	0.0
194	rnapol	0.0	0.0	0.0
195	__protein1_rbs	11.3	0.0	0.0
195	__protein2_rbs	15.6	0.0	0.0
195	__protein3_rbs	3.65	0.0	0.0
195	__ribosome	24.3	0.0	0.0
195	__rnase_site_ext	21.7	0.0	0.0
195	p0	0.95	0.0	0.0
195	p1	0.45	0.0	0.0
195	protein1	905.2	17.0	1.6585828999999996
195	protein2	1168.4	23.05	1.72061165
195	protein3	249.5	5.15	1.5938095
195	r2	22.9	0.0	0.0
195	rnapol	0.15	0.0	0.0
196	__protein1_rbs	11.3	0.0	0.0
196	__protein2_rbs	16.1	0.0	0.0
196	__protein3_rbs	3.45	0.0	0.0
196	__ribosome	23.95	0.0	0.0
196	__rnase_site_ext	21.55	0.0	0.0
196	p0	0.85	0.0	0.0
196	p1	0.45	0.0	0.0
196	protein1	910.75	16.95	1.704592
196	protein2	1177.2	23.15	1.6929874499999995
196	protein3	251.15	5.2	1.6269048000000002
196	r2	22.8	0.0	0.0
196	rnapol	0.1	0.0	0.0
197	__protein1_rbs	11.3	0.0	0.0
197	__protein2_rbs	15.35	0.0	0.0
197	__protein3_rbs	3.7	0.0	0.0
197	__ribosome	25.45	0.0	0.0
197	__rnase_site_ext	21.7	0.0	0.0
197	p0	0.85	0.0	0.0
197	p1	0.45	0.0	0.0
197	protein1	917.05	16.85	1.72257915
197	protein2	1186.75	23.2	1.6694690499999996
197	protein3	253.45	5.1	1.45666665
197	r2	22.8	0.0	0.0
197	rnapol	0.15	0.0	0.0
198	__protein1_rbs	11.0	0.0	0.0
198	__protein2_rbs	15.95	0.0	0.0
198	__protein3_rbs	3.05	0.0	0.0
198	__ribosome	25.0	0.0	0.0
198	__rnase_site_ext	21.7	0.0	0.0
198	p0	0.75	0.0	0.0
198	p1	0.6	0.0	0.0
198	protein1	924.05	16.95	1.6716153000000002
198	protein2	1195.35	23.35	1.66688505
198	protein3	254.95	5.1	1.65250005
198	r2	22.8	0.0	0.0
198	rnapol	0.15	0.0	0.0
199	__protein1_rbs	10.55	0.0	0.0
199	__protein2_rbs	16.05	0.0	0.0
199	__protein3_rbs	3.7	0.0	0.0
199	__ribosome	25.05	0.0	0.0
199	__rnase_site_ext	21.6	0.0	0.0
199	p0	0.85	0.0	0.0
199	p1	0.55	0.0	0.0
199	protein1	930.05	16.85	1.7337771
199	protein2	1203.95	23.2	1.6617305999999998
199	protein3	257.3	5.05	1.5779166999999998
199	r2	22.85	0.0	0.0
199	rnapol	0.25	0.0	0.0
200	__protein1_rbs	10.25	0.0	0.0
200	__protein2_rbs	15.6	0.0	0.0
200	__protein3_rbs	3.65	0.0	0.0
200	__ribosome	24.0	0.0	0.0
200	__rnase_site_ext	21.75	0.0	0.0
200	p0	0.75	0.0	0.0
200	p1	0.8	0.0	0.0
200	protein1	936.45	16.85	1.77197895
200	protein2	1212.4	23.45	1.6460901499999998
200	protein3	258.9	5.05	1.5903570500000002
200	r2	22.9	0.0	0.0
200	rnapol	0.05	0.0	0.0
201	__protein1_rbs	11.65	0.0	0.0
201	__protein2_rbs	16.0	0.0	0.0
201	__protein3_rbs	3.15	0.0	0.0
201	__ribosome	24.45	0.0	0.0
201	__rnase_site_ext	21.8	0.0	0.0
201	p0	0.8	0.0	0.0
201	p1	0.65	0.0	0.0
201	protein1	942.6	16.85	1.7584389999999996
201	protein2	1221.3	23.35	1.6409148499999997
201	protein3	260.85	5.05	1.6575595
201	r2	22.8	0.0	0.0
201	rnapol	0.1	0.0	0.0
202	__protein1_rbs	11.95	0.0	0.0
202	__protein2_rbs	15.2	0.0	0.0
202	__protein3_rbs	3.4	0.0	0.0
202	__ribosome	24.75	0.0	0.0
202	__rnase_site_ext	21.9	0.0	0.0
202	p0	0.75	0.0	0.0
202	p1	0.7	0.0	0.0
202	protein1	948.9	17.0	1.69685025
202	protein2	1229.85	23.45	1.66583885
202	protein3	263.0	5.0	1.57875
202	r2	23.05	0.0	0.0
202	rnapol	0.05	0.0	0.0
203	__protein1_rbs	12.05	0.0	0.0
203	__protein2_rbs	14.75	0.0	0.0
203	__protein3_rbs	3.35	0.0	0.0
203	__ribosome	24.05	0.0	0.0
203	__rnase_site_ext	21.8	0.0	0.0
203	p0	0.7	0.0	0.0
203	p1	0.6	0.0	0.0
203	protein1	955.2	17.1	1.7042051
203	protein2	1238.85	23.1	1.7141203499999995
203	protein3	265.0	4.95	1.5539285
203	r2	23.15	0.0	0.0
203	rnapol	0.0	0.0	0.0
204	__protein1_rbs	11.45	0.0	0.0
204	__protein2_rbs	15.25	0.0	0.0
204	__protein3_rbs	3.15	0.0	0.0
204	__ribosome	24.1	0.0	0.0
204	__rnase_site_ext	21.9	0.0	0.0
204	p0	1.0	0.0	0.0
204	p1	0.65	0.0	0.0
204	protein1	962.75	17.1	1.6444002000000002
204	protein2	1247.0	22.9	1.75047805
204	protein3	266.55	5.0	1.65791665
204	r2	23.45	0.0	0.0
204	rnapol	0.05	0.0	0.0
205	__protein1_rbs	11.35	0.0	0.0
205	__protein2_rbs	14.3	0.0	0.0
205	__protein3_rbs	3.45	0.0	0.0
205	__ribosome	23.8	0.0	0.0
205	__rnase_site_ext	21.9	0.0	0.0
205	p0	0.75	0.0	0.0
205	p1	0.7	0.0	0.0
205	protein1	969.65	17.2	1.6250544999999998
205	protein2	1255.5	22.85	1.7789670500000003
205	protein3	268.25	5.05	1.7104166499999998
205	r2	23.5	0.0	0.0
205	rnapol	0.1	0.0	0.0
206	__protein1_rbs	12.0	0.0	0.0
206	__protein2_rbs	15.7	0.0	0.0
206	__protein3_rbs	3.55	0.0	0.0
206	__ribosome	24.85	0.0	0.0
206	__rnase_site_ext	21.95	0.0	0.0
206	p0	0.85	0.0	0.0
206	p1	0.5	0.0	0.0
206	protein1	975.35	17.2	1.6471221999999999
206	protein2	1264.8	22.85	1.7190185999999996
206	protein3	270.3	5.15	1.60875
206	r2	23.55	0.0	0.0
206	rnapol	0.1	0.0	0.0
207	__protein1_rbs	11.05	0.0	0.0
207	__protein2_rbs	15.25	0.0	0.0
207	__protein3_rbs	3.85	0.0	0.0
207	__ribosome	25.25	0.0	0.0
207	__rnase_site_ext	21.95	0.0	0.0
207	p0	0.8	0.0	0.0
207	p1	0.45	0.0	0.0
207	protein1	981.85	17.15	1.6556205500000003
207	protein2	1274.2	23.0	1.6957922499999998
207	protein3	272.1	5.25	1.57125
207	r2	23.55	0.0	0.0
207	rnapol	0.05	0.0	0.0
208	__protein1_rbs	12.15	0.0	0.0
208	__protein2_rbs	15.55	0.0	0.0
208	__protein3_rbs	3.4	0.0	0.0
208	__ribosome	25.05	0.0	0.0
208	__rnase_site_ext	22.1	0.0	0.0
208	p0	0.75	0.0	0.0
208	p1	0.6	0.0	0.0
208	protein1	988.05	17.25	1.6501061000000001
208	protein2	1283.0	23.05	1.6900407000000002
208	protein3	274.05	5.35	1.5616666
208	r2	23.4	0.0	0.0
208	rnapol	0.0	0.0	0.0
209	__protein1_rbs	11.4	0.0	0.0
209	__protein2_rbs	15.55	0.0	0.0
209	__protein3_rbs	3.75	0.0	0.0
209	__ribosome	24.4	0.0	0.0
209	__rnase_site_ext	22.05	0.0	0.0
209	p0	0.8	0.0	0.0
209	p1	0.7	0.0	0.0
209	protein1	994.65	17.25	1.6527360999999998
209	protein2	1290.95	23.25	1.7081581000000001
209	protein3	275.85	5.35	1.5683334000000002
209	r2	23.4	0.0	0.0
209	rnapol	0.1	0.0	0.0
210	__protein1_rbs	11.25	0.0	0.0
210	__protein2_rbs	16.4	0.0	0.0
210	__protein3_rbs	3.35	0.0	0.0
210	__ribosome	25.55	0.0	0.0
210	__rnase_site_ext	22.05	0.0	0.0
210	p0	0.95	0.0	0.0
210	p1	0.7	0.0	0.0
210	protein1	1000.8	17.25	1.68489045
210	protein2	1300.9	23.5	1.59852805
210	protein3	278.1	5.4	1.57728175
210	r2	23.2	0.0	0.0
210	rnapol	0.1	0.0	0.0
211	__protein1_rbs	10.85	0.0	0.0
211	__protein2_rbs	16.05	0.0	0.0
211	__protein3_rbs	3.45	0.0	0.0
211	__ribosome	24.7	0.0	0.0
211	__rnase_site_ext	21.9	0.0	0.0
211	p0	0.8	0.0	0.0
211	p1	0.6	0.0	0.0
211	protein1	1008.05	17.25	1.6725402000000005
211	protein2	1309.7	23.6	1.60459235
211	protein3	279.7	5.4	1.6912301499999998
211	r2	23.25	0.0	0.0
211	rnapol	0.1	0.0	0.0
212	__protein1_rbs	11.25	0.0	0.0
212	__protein2_rbs	15.15	0.0	0.0
212	__protein3_rbs	3.5	0.0	0.0
212	__ribosome	23.65	0.0	0.0
212	__rnase_site_ext	22.15	0.0	0.0
212	p0	0.75	0.0	0.0
212	p1	0.65	0.0	0.0
212	protein1	1014.45	17.25	1.70054855
212	protein2	1317.65	23.3	1.6553469500000002
212	protein3	281.8	5.45	1.7154761500000002
212	r2	22.95	0.0	0.0
212	rnapol	0.25	0.0	0.0
213	__protein1_rbs	12.0	0.0	0.0
213	__protein2_rbs	15.9	0.0	0.0
213	__protein3_rbs	3.8	0.0	0.0
213	__ribosome	23.45	0.0	0.0
213	__rnase_site_ext	22.35	0.0	0.0
213	p0	0.6	0.0	0.0
213	p1	0.7	0.0	0.0
213	protein1	1020.3	17.6	1.68971945
213	protein2	1326.25	23.35	1.6449264999999995
213	protein3	283.65	5.4	1.6990278000000003
213	r2	22.85	0.0	0.0
213	rnapol	0.05	0.0	0.0
214	__protein1_rbs	11.4	0.0	0.0
214	__protein2_rbs	15.05	0.0	0.0
214	__protein3_rbs	3.55	0.0	0.0
214	__ribosome	23.45	0.0	0.0
214	__rnase_site_ext	22.25	0.0	0.0
214	p0	0.9	0.0	0.0
214	p1	0.6	0.0	0.0
214	protein1	1027.45	17.6	1.6708382500000003
214	protein2	1335.0	23.4	1.6617688000000002
214	protein3	285.85	5.5	1.6795436499999998
214	r2	23.0	0.0	0.0
214	rnapol	0.2	0.0	0.0
215	__protein1_rbs	12.3	0.0	0.0
215	__protein2_rbs	15.15	0.0	0.0
215	__protein3_rbs	3.65	0.0	0.0
215	__ribosome	24.1	0.0	0.0
215	__rnase_site_ext	22.55	0.0	0.0
215	p0	0.85	0.0	0.0
215	p1	0.7	0.0	0.0
215	protein1	1034.2	17.8	1.6166083
215	protein2	1344.1	23.4	1.6595293000000002
215	protein3	288.05	5.4	1.73817465
215	r2	23.1	0.0	0.0
215	rnapol	0.2	0.0	0.0
216	__protein1_rbs	12.25	0.0	0.0
216	__protein2_rbs	15.4	0.0	0.0
216	__protein3_rbs	3.9	0.0	0.0
216	__ribosome	23.05	0.0	0.0
216	__rnase_site_ext	22.75	0.0	0.0
216	p0	0.8	0.0	0.0
216	p1	0.8	0.0	0.0
216	protein1	1040.5	17.9	1.6280317000000004
216	protein2	1352.35	23.4	1.6893598
216	protein3	290.35	5.5	1.70180555
216	r2	22.95	0.0	0.0
216	rnapol	0.1	0.0	0.0
217	__protein1_rbs	12.05	0.0	0.0
217	__protein2_rbs	15.95	0.0	0.0
217	__protein3_rbs	4.2	0.0	0.0
217	__ribosome	23.2	0.0	0.0
217	__rnase_site_ext	22.5	0.0	0.0
217	p0	0.9	0.0	0.0
217	p1	0.55	0.0	0.0
217	protein1	1047.5	17.9	1.6101983500000003
217	protein2	1360.5	23.55	1.70822975
217	protein3	292.4	5.55	1.58857145
217	r2	23.2	0.0	0.0
217	rnapol	0.05	0.0	0.0
218	__protein1_rbs	12.3	0.0	0.0
218	__protein2_rbs	15.9	0.0	0.0
218	__protein3_rbs	3.5	0.0	0.0
218	__ribosome	23.25	0.0	0.0
218	__rnase_site_ext	22.8	0.0	0.0
218	p0	0.85	0.0	0.0
218	p1	0.35	0.0	0.0
218	protein1	1054.25	17.85	1.59901605
218	protein2	1369.7	23.65	1.70097585
218	protein3	294.65	5.45	1.6322618999999998
218	r2	23.0	0.0	0.0
218	rnapol	0.15	0.0	0.0
219	__protein1_rbs	11.8	0.0	0.0
219	__protein2_rbs	16.35	0.0	0.0
219	__protein3_rbs	3.4	0.0	0.0
219	__ribosome	23.45	0.0	0.0
219	__rnase_site_ext	22.5	0.0	0.0
219	p0	0.75	0.0	0.0
219	p1	0.55	0.0	0.0
219	protein1	1061.0	18.0	1.6141483
219	protein2	1379.15	23.5	1.66830055
219	protein3	296.5	5.4	1.75559525
219	r2	23.2	0.0	0.0
219	rnapol	0.15	0.0	0.0
220	__protein1_rbs	11.9	0.0	0.0
220	__protein2_rbs	16.25	0.0	0.0
220	__protein3_rbs	3.35	0.0	0.0
220	__ribosome	23.65	0.0	0.0
220	__rnase_site_ext	22.45	0.0	0.0
220	p0	0.9	0.0	0.0
220	p1	0.75	0.0	0.0
220	protein1	1067.1	17.75	1.6694403500000004
220	protein2	1388.85	23.55	1.6444439000000002
220	protein3	298.6	5.4	1.7973214499999997
220	r2	23.25	0.0	0.0
220	rnapol	0.1	0.0	0.0
221	__protein1_rbs	10.95	0.0	0.0
221	__protein2_rbs	16.3	0.0	0.0
221	__protein3_rbs	3.85	0.0	0.0
221	__ribosome	21.45	0.0	0.0
221	__rnase_site_ext	22.45	0.0	0.0
221	p0	0.85	0.0	0.0
221	p1	0.7	0.0	0.0
221	protein1	1073.5	17.65	1.75372275
221	protein2	1397.0	23.8	1.65689655
221	protein3	300.35	5.4	1.8084524
221	r2	23.35	0.0	0.0
221	rnapol	0.1	0.0	0.0
222	__protein1_rbs	12.35	0.0	0.0
222	__protein2_rbs	15.55	0.0	0.0
222	__protein3_rbs	3.95	0.0	0.0
222	__ribosome	21.75	0.0	0.0
222	__rnase_site_ext	22.2	0.0	0.0
222	p0	0.75	0.0	0.0
222	p1	0.6	0.0	0.0
222	protein1	1079.85	17.8	1.72577225
222	protein2	1406.15	23.8	1.6657604
222	protein3	302.25	5.4	1.7089881000000002
222	r2	23.4	0.0	0.0
222	rnapol	0.25	0.0	0.0
223	__protein1_rbs	11.9	0.0	0.0
223	__protein2_rbs	16.2	0.0	0.0
223	__protein3_rbs	3.35	0.0	0.0
223	__ribosome	23.4	0.0	0.0
223	__rnase_site_ext	22.1	0.0	0.0
223	p0	0.9	0.0	0.0
223	p1	0.7	0.0	0.0
223	protein1	1087.6	17.45	1.6981569999999997
223	protein2	1415.55	23.75	1.6485645999999998
223	protein3	304.6	5.4	1.6019643
223	r2	23.3	0.0	0.0
223	rnapol	0.25	0.0	0.0
224	__protein1_rbs	12.0	0.0	0.0
224	__protein2_rbs	15.55	0.0	0.0
224	__protein3_rbs	3.85	0.0	0.0
224	__ribosome	24.15	0.0	0.0
224	__rnase_site_ext	22.2	0.0	0.0
224	p0	0.95	0.0	0.0
224	p1	0.65	0.0	0.0
224	protein1	1094.7	17.45	1.64741095
224	protein2	1424.2	23.75	1.6803944000000002
224	protein3	306.8	5.4	1.46327385
224	r2	23.7	0.0	0.0
224	rnapol	0.1	0.0	0.0
225	__protein1_rbs	11.4	0.0	0.0
225	__protein2_rbs	16.45	0.0	0.0
225	__protein3_rbs	3.6	0.0	0.0
225	__ribosome	24.05	0.0	0.0
225	__rnase_site_ext	22.25	0.0	0.0
225	p0	0.75	0.0	0.0
225	p1	0.7	0.0	0.0
225	protein1	1101.9	17.4	1.63956285
225	protein2	1432.9	23.95	1.6823928
225	protein3	308.7	5.45	1.5074405
225	r2	23.65	0.0	0.0
225	rnapol	0.25	0.0	0.0
226	__protein1_rbs	12.55	0.0	0.0
226	__protein2_rbs	15.6	0.0	0.0
226	__protein3_rbs	3.8	0.0	0.0
226	__ribosome	23.65	0.0	0.0
226	__rnase_site_ext	22.5	0.0	0.0
226	p0	0.7	0.0	0.0
226	p1	0.6	0.0	0.0
226	protein1	1108.2	17.4	1.59865205
226	protein2	1442.3	23.8	1.7048756
226	protein3	310.25	5.45	1.6230951999999998
226	r2	23.7	0.0	0.0
226	rnapol	0.15	0.0	0.0
227	__protein1_rbs	11.5	0.0	0.0
227	__protein2_rbs	15.5	0.0	0.0
227	__protein3_rbs	3.85	0.0	0.0
227	__ribosome	22.15	0.0	0.0
227	__rnase_site_ext	22.6	0.0	0.0
227	p0	0.75	0.0	0.0
227	p1	0.55	0.0	0.0
227	protein1	1114.7	17.5	1.62844445
227	protein2	1451.5	23.9	1.74432625
227	protein3	312.15	5.55	1.5322673
227	r2	23.55	0.0	0.0
227	rnapol	0.25	0.0	0.0
228	__protein1_rbs	11.9	0.0	0.0
228	__protein2_rbs	15.9	0.0	0.0
228	__protein3_rbs	3.6	0.0	0.0
228	__ribosome	23.05	0.0	0.0
228	__rnase_site_ext	22.75	0.0	0.0
228	p0	0.9	0.0	0.0
228	p1	0.65	0.0	0.0
228	protein1	1121.3	17.55	1.62152945
228	protein2	1461.2	24.05	1.6898706
228	protein3	314.3	5.55	1.6240693000000002
228	r2	23.6	0.0	0.0
228	rnapol	0.1	0.0	0.0
229	__protein1_rbs	12.05	0.0	0.0
229	__protein2_rbs	16.1	0.0	0.0
229	__protein3_rbs	3.8	0.0	0.0
229	__ribosome	22.7	0.0	0.0
229	__rnase_site_ext	22.7	0.0	0.0
229	p0	0.8	0.0	0.0
229	p1	0.7	0.0	0.0
229	protein1	1128.05	17.75	1.60116425
229	protein2	1470.3	24.0	1.7062007
229	protein3	316.25	5.55	1.60065475
229	r2	23.75	0.0	0.0
229	rnapol	0.1	0.0	0.0
230	__protein1_rbs	12.0	0.0	0.0
230	__protein2_rbs	15.7	0.0	0.0
230	__protein3_rbs	4.15	0.0	0.0
230	__ribosome	23.1	0.0	0.0
230	__rnase_site_ext	22.6	0.0	0.0
230	p0	0.75	0.0	0.0
230	p1	0.7	0.0	0.0
230	protein1	1134.55	17.7	1.61149355
230	protein2	1480.15	24.25	1.6875186999999998
230	protein3	318.5	5.55	1.5513095
230	r2	23.7	0.0	0.0
230	rnapol	0.0	0.0	0.0
231	__protein1_rbs	11.85	0.0	0.0
231	__protein2_rbs	16.5	0.0	0.0
231	__protein3_rbs	3.55	0.0	0.0
231	__ribosome	23.3	0.0	0.0
231	__rnase_site_ext	22.4	0.0	0.0
231	p0	0.85	0.0	0.0
231	p1	0.55	0.0	0.0
231	protein1	1141.3	17.65	1.5887216499999997
231	protein2	1489.45	24.35	1.66434675
231	protein3	320.1	5.35	1.7208928999999995
231	r2	23.5	0.0	0.0
231	rnapol	0.2	0.0	0.0
232	__protein1_rbs	11.75	0.0	0.0
232	__protein2_rbs	16.6	0.0	0.0
232	__protein3_rbs	3.55	0.0	0.0
232	__ribosome	22.15	0.0	0.0
232	__rnase_site_ext	22.35	0.0	0.0
232	p0	0.8	0.0	0.0
232	p1	0.55	0.0	0.0
232	protein1	1147.7	17.6	1.6223318500000006
232	protein2	1499.05	24.45	1.6608792
232	protein3	321.9	5.5	1.7316071499999997
232	r2	23.45	0.0	0.0
232	rnapol	0.15	0.0	0.0
233	__protein1_rbs	11.9	0.0	0.0
233	__protein2_rbs	16.4	0.0	0.0
233	__protein3_rbs	4.0	0.0	0.0
233	__ribosome	22.55	0.0	0.0
233	__rnase_site_ext	22.4	0.0	0.0
233	p0	0.85	0.0	0.0
233	p1	0.55	0.0	0.0
233	protein1	1154.05	17.55	1.6265001000000001
233	protein2	1508.05	24.35	1.6679325499999995
233	protein3	324.25	5.5	1.6843452500000002
233	r2	23.55	0.0	0.0
233	rnapol	0.05	0.0	0.0
234	__protein1_rbs	11.5	0.0	0.0
234	__protein2_rbs	16.45	0.0	0.0
234	__protein3_rbs	4.05	0.0	0.0
234	__ribosome	23.65	0.0	0.0
234	__rnase_site_ext	22.2	0.0	0.0
234	p0	0.9	0.0	0.0
234	p1	0.55	0.0	0.0
234	protein1	1160.9	17.65	1.64431885
234	protein2	1518.35	24.2	1.64331535
234	protein3	326.3	5.65	1.55940475
234	r2	23.65	0.0	0.0
234	rnapol	0.1	0.0	0.0
235	__protein1_rbs	11.6	0.0	0.0
235	__protein2_rbs	15.15	0.0	0.0
235	__protein3_rbs	4.0	0.0	0.0
235	__ribosome	21.95	0.0	0.0
235	__rnase_site_ext	22.3	0.0	0.0
235	p0	0.75	0.0	0.0
235	p1	0.65	0.0	0.0
235	protein1	1167.3	17.6	1.6731897
235	protein2	1527.35	24.25	1.6821634499999998
235	protein3	328.25	5.7	1.5551984
235	r2	23.6	0.0	0.0
235	rnapol	0.2	0.0	0.0
236	__protein1_rbs	12.35	0.0	0.0
236	__protein2_rbs	16.7	0.0	0.0
236	__protein3_rbs	4.1	0.0	0.0
236	__ribosome	23.2	0.0	0.0
236	__rnase_site_ext	22.4	0.0	0.0
236	p0	0.75	0.0	0.0
236	p1	0.8	0.0	0.0
236	protein1	1174.2	17.65	1.6641458999999998
236	protein2	1536.2	24.15	1.6768987000000002
236	protein3	330.75	5.7	1.46277775
236	r2	23.65	0.0	0.0
236	rnapol	0.05	0.0	0.0
237	__protein1_rbs	12.55	0.0	0.0
237	__protein2_rbs	16.65	0.0	0.0
237	__protein3_rbs	3.65	0.0	0.0
237	__ribosome	23.85	0.0	0.0
237	__rnase_site_ext	22.15	0.0	0.0
237	p0	0.9	0.0	0.0
237	p1	0.65	0.0	0.0
237	protein1	1180.6	17.85	1.6178230999999996
237	protein2	1546.0	24.05	1.6482103
237	protein3	332.8	5.7	1.4711110499999998
237	r2	23.55	0.0	0.0
237	rnapol	0.05	0.0	0.0
238	__protein1_rbs	11.4	0.0	0.0
238	__protein2_rbs	16.7	0.0	0.0
238	__protein3_rbs	3.85	0.0	0.0
238	__ribosome	24.05	0.0	0.0
238	__rnase_site_ext	22.0	0.0	0.0
238	p0	0.95	0.0	0.0
238	p1	0.75	0.0	0.0
238	protein1	1188.0	17.5	1.63662955
238	protein2	1555.5	23.85	1.6261675
238	protein3	334.2	5.65	1.65095245
238	r2	23.7	0.0	0.0
238	rnapol	0.15	0.0	0.0
239	__protein1_rbs	11.8	0.0	0.0
239	__protein2_rbs	15.75	0.0	0.0
239	__protein3_rbs	3.95	0.0	0.0
239	__ribosome	24.85	0.0	0.0
239	__rnase_site_ext	22.1	0.0	0.0
239	p0	0.95	0.0	0.0
239	p1	0.7	0.0	0.0
239	protein1	1194.75	17.45	1.6268132999999998
239	protein2	1565.65	23.9	1.5892909999999998
239	protein3	336.3	5.75	1.6482143
239	r2	23.85	0.0	0.0
239	rnapol	0.15	0.0	0.0
240	__protein1_rbs	11.95	0.0	0.0
240	__protein2_rbs	16.45	0.0	0.0
240	__protein3_rbs	3.65	0.0	0.0
240	__ribosome	23.65	0.0	0.0
240	__rnase_site_ext	22.15	0.0	0.0
240	p0	0.95	0.0	0.0
240	p1	0.65	0.0	0.0
240	protein1	1202.0	17.45	1.6433356999999995
240	protein2	1573.8	24.05	1.6091673999999998
240	protein3	338.35	5.75	1.6797223000000003
240	r2	24.0	0.0	0.0
240	rnapol	0.2	0.0	0.0
241	__protein1_rbs	11.95	0.0	0.0
241	__protein2_rbs	15.35	0.0	0.0
241	__protein3_rbs	3.7	0.0	0.0
241	__ribosome	22.15	0.0	0.0
241	__rnase_site_ext	21.95	0.0	0.0
241	p0	0.8	0.0	0.0
241	p1	0.45	0.0	0.0
241	protein1	1208.05	17.45	1.68414125
241	protein2	1582.75	23.85	1.6566964
241	protein3	340.7	5.8	1.6922618999999999
241	r2	24.3	0.0	0.0
241	rnapol	0.1	0.0	0.0
242	__protein1_rbs	11.85	0.0	0.0
242	__protein2_rbs	16.25	0.0	0.0
242	__protein3_rbs	4.0	0.0	0.0
242	__ribosome	22.95	0.0	0.0
242	__rnase_site_ext	22.1	0.0	0.0
242	p0	0.75	0.0	0.0
242	p1	0.75	0.0	0.0
242	protein1	1214.8	17.35	1.69533065
242	protein2	1592.1	23.75	1.64489575
242	protein3	343.25	6.0	1.6260317
242	r2	24.15	0.0	0.0
242	rnapol	0.05	0.0	0.0
243	__protein1_rbs	11.75	0.0	0.0
243	__protein2_rbs	17.25	0.0	0.0
243	__protein3_rbs	3.9	0.0	0.0
243	__ribosome	23.6	0.0	0.0
243	__rnase_site_ext	22.0	0.0	0.0
243	p0	0.9	0.0	0.0
243	p1	0.7	0.0	0.0
243	protein1	1221.65	17.55	1.6679840499999998
243	protein2	1601.15	23.8	1.59770715
243	protein3	345.4	5.95	1.7137300999999998
243	r2	24.2	0.0	0.0
243	rnapol	0.0	0.0	0.0
244	__protein1_rbs	11.5	0.0	0.0
244	__protein2_rbs	15.75	0.0	0.0
244	__protein3_rbs	3.9	0.0	0.0
244	__ribosome	21.5	0.0	0.0
244	__rnase_site_ext	21.95	0.0	0.0
244	p0	0.9	0.0	0.0
244	p1	0.85	0.0	0.0
244	protein1	1228.3	17.5	1.6969376500000002
244	protein2	1609.6	24.05	1.63927795
244	protein3	347.5	5.9	1.7608928499999998
244	r2	23.9	0.0	0.0
244	rnapol	0.25	0.0	0.0
245	__protein1_rbs	11.8	0.0	0.0
245	__protein2_rbs	16.4	0.0	0.0
245	__protein3_rbs	4.45	0.0	0.0
245	__ribosome	23.75	0.0	0.0
245	__rnase_site_ext	22.05	0.0	0.0
245	p0	0.9	0.0	0.0
245	p1	0.65	0.0	0.0
245	protein1	1235.85	17.5	1.6663586999999995
245	protein2	1619.5	23.85	1.5959830999999998
245	protein3	349.85	5.95	1.7102380999999998
245	r2	23.65	0.0	0.0
245	rnapol	0.35	0.0	0.0
246	__protein1_rbs	10.85	0.0	0.0
246	__protein2_rbs	17.25	0.0	0.0
246	__protein3_rbs	3.9	0.0	0.0
246	__ribosome	23.15	0.0	0.0
246	__rnase_site_ext	22.0	0.0	0.0
246	p0	0.75	0.0	0.0
246	p1	0.45	0.0	0.0
246	protein1	1242.45	17.6	1.7285291
246	protein2	1628.3	23.65	1.58360275
246	protein3	352.3	6.0	1.65968255
246	r2	23.45	0.0	0.0
246	rnapol	0.2	0.0	0.0
247	__protein1_rbs	11.15	0.0	0.0
247	__protein2_rbs	16.4	0.0	0.0
247	__protein3_rbs	4.4	0.0	0.0
247	__ribosome	22.35	0.0	0.0
247	__rnase_site_ext	22.25	0.0	0.0
247	p0	0.65	0.0	0.0
247	p1	0.55	0.0	0.0
247	protein1	1249.4	17.4	1.77723975
247	protein2	1637.25	23.5	1.6085781
247	protein3	354.7	6.0	1.5596626500000004
247	r2	23.4	0.0	0.0
247	rnapol	0.05	0.0	0.0
248	__protein1_rbs	11.65	0.0	0.0
248	__protein2_rbs	16.4	0.0	0.0
248	__protein3_rbs	3.95	0.0	0.0
248	__ribosome	24.35	0.0	0.0
248	__rnase_site_ext	22.15	0.0	0.0
248	p0	0.8	0.0	0.0
248	p1	0.7	0.0	0.0
248	protein1	1257.1	17.55	1.70442015
248	protein2	1646.9	23.45	1.57102465
248	protein3	356.9	5.9	1.63630955
248	r2	23.8	0.0	0.0
248	rnapol	0.3	0.0	0.0
249	__protein1_rbs	12.15	0.0	0.0
249	__protein2_rbs	15.95	0.0	0.0
249	__protein3_rbs	3.25	0.0	0.0
249	__ribosome	22.6	0.0	0.0
249	__rnase_site_ext	22.5	0.0	0.0
249	p0	0.6	0.0	0.0
249	p1	0.6	0.0	0.0
249	protein1	1263.7	17.75	1.7047792999999998
249	protein2	1655.65	23.65	1.5753966500000005
249	protein3	359.1	5.9	1.7570635000000003
249	r2	23.6	0.0	0.0
249	rnapol	0.1	0.0	0.0
250	__protein1_rbs	12.0	0.0	0.0
250	__protein2_rbs	14.2	0.0	0.0
250	__protein3_rbs	3.5	0.0	0.0
250	__ribosome	20.45	0.0	0.0
250	__rnase_site_ext	20.3	0.0	0.0
250	p0	0.7	0.0	0.0
250	p1	0.6	0.0	0.0
250	protein1	1149.8	16.3	1.4165644
250	protein2	1507.8	21.75	1.4441713000000005
250	protein3	325.65	5.5	1.52817455
250	r2	21.65	0.0	0.0
250	rnapol	0.0	0.0	0.0
